classs,question
HUM,എഴുത്തുകാരനായ എറിക് ഹോബറിന് വേണ്ടി സിനിമകളിൽ അഭിനയിച്ചു
HUM,ജെയിംസ് ഡ്രോട്ട് എഴുതിയ സിനിമകളുടെ സംവിധായകനായി പട്ടികപ്പെടുത്തിയിട്ടുണ്ട്
HUM,ഹൈഡ് അഭിനയിച്ച സിനിമകൾ എഴുതിയത് ഏത് വ്യക്തിയാണ്
ENTY,ഡേവിഡ് ഹ്യൂ ജോൺസ് സംവിധാനം ചെയ്ത സിനിമകളിലെ പ്രാഥമിക ഭാഷകൾ ഏതൊക്കെയാണ്
ENTY,ടിം റോബിൻസ് എഴുതിയ സിനിമകൾ ഏതൊക്കെ വിഭാഗങ്ങളിലായിരുന്നു
HUM,തിരക്കഥാകൃത്ത് വാലസ് മാർക്ക്ഫീൽഡ് ആർക്കൊപ്പം സിനിമകൾ എഴുതിയിട്ടുണ്ട്
ENTY,വാട്ടർഷിപ്പ് ഡൗണിൻ്റെ സംവിധായകൻ ഏതൊക്കെ ചിത്രങ്ങളാണ് സംവിധാനം ചെയ്തത്
ENTY,ദി ട്രിപ്‌ലെറ്റ്‌സ് ഓഫ് ബെല്ലെവില്ലെയുടെ സംവിധായകൻ ഏതൊക്കെ സിനിമകളും സംവിധാനം ചെയ്തു
HUM,സേത്ത് ഗ്രോസ്മാൻ എഴുതിയ സിനിമകളുടെ സംവിധായകർ
HUM,ഇയാൻ അബ്രാംസ് എഴുതിയ സിനിമകളിൽ അഭിനയിച്ചിട്ടുണ്ട്
ENTY,ലിസ ഗുറേറോ അഭിനയിച്ച സിനിമകളുടെ വിഭാഗങ്ങൾ എന്തൊക്കെയാണ്
HUM,ഡാബ്‌നി കോൾമാൻ അഭിനയിച്ച ചിത്രങ്ങളുടെ രചയിതാക്കൾ
NUM,നവോമി വുൾഫ് എഴുതിയ സിനിമകൾ എപ്പോഴാണ് റിലീസ് ചെയ്തത്
ENTY,വൺ ബ്ലാക്ക് ഷൂവിനൊപ്പം ദ ടോൾ ബ്ളോണ്ട് മാൻ എന്ന അതേ സംവിധായകൻ പങ്കിടുന്ന സിനിമകൾ
HUM,ടിം മാതസൻ അഭിനയിച്ച സിനിമകൾ എഴുതിയത് ആരാണ്?
HUM,കോസ്റ്റ ബോട്ട്‌സ് എഴുതിയ സിനിമകൾ ആരാണ് സംവിധാനം ചെയ്തത്
NUM,മരിയ ജർവെൻഹെൽമി അഭിനയിച്ച സിനിമകളുടെ റിലീസ് തീയതികൾ എന്തായിരുന്നു
NUM,റോസ്മേരി ഫോർസിത്ത് അഭിനയിച്ച സിനിമകൾ പുറത്തിറങ്ങിയത് ഏതൊക്കെ വർഷങ്ങളിലാണ്
ENTY,ആൻഡ്രൂ ഡേവീസ് എഴുതിയ സിനിമകൾ ഏതൊക്കെ ഭാഷകളിലായിരുന്നു
NUM,കാം ഗിഗാൻഡെറ്റ് അഭിനയിച്ച സിനിമകൾ എപ്പോഴാണ് പുറത്തിറങ്ങിയത്
ENTY,അവൻ ഉപേക്ഷിച്ച പെൺകുട്ടിയുടെ അതേ തിരക്കഥാകൃത്ത് ഏതൊക്കെ സിനിമകളാണ്
ENTY,മേഡ് ഓഫ് ഓണറുമായി തിരക്കഥാകൃത്ത് പങ്കിടുന്ന സിനിമകൾ
ENTY,ലോംഗ് ജോൺ സിൽവറിൻ്റെ സംവിധായകൻ ഏതൊക്കെ സിനിമകളാണ് സംവിധാനം ചെയ്തത്
HUM,സ്റ്റീവൻ മക്കാർത്തിക്കൊപ്പം ഒരേ സിനിമയിൽ പ്രത്യക്ഷപ്പെട്ടു
HUM,ഗാരി വെയ്‌സ് സംവിധാനം ചെയ്ത സിനിമകളുടെ തിരക്കഥാകൃത്ത്
HUM,ആരാണ് തിരക്കഥാകൃത്ത് പാസ്കൽ ഫെറാൻ്റെ അഭിനേതാക്കൾ
NUM,എപ്പോഴാണ് ഡാരൻ കഗാസോഫ് അഭിനയിച്ച ചിത്രങ്ങൾ റിലീസ് ചെയ്തത്
NUM,ഹിനർ സലീം രചിച്ച ചിത്രങ്ങൾ ഏതൊക്കെ വർഷങ്ങളിലാണ് പുറത്തിറങ്ങിയത്
HUM,തിരക്കഥാകൃത്ത് ജോർജ്ജ് മൂർ ആരുമായി സഹകരിച്ചാണ് സിനിമകൾ എഴുതിയത്
HUM,ബേസിൽ ഡിയർഡൻ എഴുതിയ ചിത്രങ്ങളിലെ അഭിനേതാക്കൾ
ENTY,സ്റ്റിഗ് ഫ്രോഡ് ഹെൻറിക്സൻ എഴുതിയ സിനിമകളിൽ സംസാരിക്കുന്ന ഭാഷകൾ ഏതൊക്കെയാണ്
ENTY,പ്രിയങ്ക ചോപ്ര അഭിനയിച്ച സിനിമകൾ ഏത് വിഭാഗത്തിലാണ് വരുന്നത്
HUM,ടി കെ കാർട്ടർ അഭിനയിച്ച സിനിമകളുടെ സംവിധായകനായി പട്ടികപ്പെടുത്തിയിട്ടുണ്ട്
ENTY,Yves Montand അഭിനയിച്ച സിനിമകൾ ഏതൊക്കെയാണ്?
ENTY,The Underneath-ൻ്റെ അതേ തിരക്കഥാകൃത്ത് ഉള്ള സിനിമകൾ ഏതൊക്കെയാണ്
ENTY,ക്ലർക്കുമായി തിരക്കഥാകൃത്ത് പങ്കിടുന്ന സിനിമകൾ
HUM,വില്യം എൽ. വൈറ്റ് എഴുതിയ സിനിമകളിലെ അഭിനേതാക്കൾ
ENTY,മൈക്കൽ അൽമെറെയ്ഡ സംവിധാനം ചെയ്ത സിനിമകൾ ഏതൊക്കെ തരത്തിലാണ്
HUM,ജെസീക്ക ബിയലിനൊപ്പം അഭിനയിച്ചവർ
NUM,സാക്ക് ബ്രാഫ് അഭിനയിച്ച സിനിമകൾ പുറത്തിറങ്ങിയത് ഏതൊക്കെ വർഷങ്ങളിലാണ്
ENTY,ദി ബീസ്റ്റ് വിഥിൻ്റെ തിരക്കഥാകൃത്തും സിനിമകൾ എഴുതി
NUM,എറിക് ലോച്ചൻ എഴുതിയ സിനിമകൾ എപ്പോഴാണ് പുറത്തിറങ്ങിയത്
HUM,ജോൺ റിക്വ എഴുതിയ സിനിമകളിൽ അഭിനയിച്ചു
ENTY,എലീൻ ഏപ്രിൽ ബോയ്‌ലൻ അഭിനയിച്ച സിനിമകൾ ഏതൊക്കെയാണ്
NUM,ജെയിംസ് വാർഡ് ബൈർകിറ്റ് സംവിധാനം ചെയ്ത സിനിമകൾ എപ്പോഴാണ് റിലീസ് ചെയ്തത്
ENTY,ടോപ്പ് ഹാറ്റിൻ്റെ അതേ സംവിധായകൻ ഉള്ള സിനിമകൾ
HUM,ഷു തകുമി എഴുതിയ സിനിമകളിലെ അഭിനേതാക്കൾ
ENTY,റിനോയിലെ ചാർലി ചാൻ്റെ സംവിധായകൻ തന്നെയാണ് ചിത്രങ്ങളുടെ സംവിധായകൻ
ENTY,ക്വാളിറ്റി സ്ട്രീറ്റുമായി തിരക്കഥാകൃത്ത് പങ്കിടുന്ന സിനിമകൾ
HUM,വിർജീനിയ കെല്ലോഗ് എഴുതിയ സിനിമകളുടെ സംവിധായികയായി പട്ടികപ്പെടുത്തിയിട്ടുണ്ട്
HUM,മാര ഹോബെൽ എന്ന നടൻ അതേ സിനിമയിൽ ആരോടൊപ്പം പ്രത്യക്ഷപ്പെട്ടു
ENTY,തോമസ് ലെമാർക്വിസ് അഭിനയിച്ച സിനിമകൾ ഏതൊക്കെ ഭാഷകളിലായിരുന്നു
HUM,എലിസബത്ത് കാറ്റയ്‌ക്കൊപ്പം സിനിമകൾ എഴുതിയിട്ടുണ്ട്
ENTY,സൂസന്ന ഓഫ് മൗണ്ടീസിലെ അതേ നടനെ പങ്കിടുന്ന സിനിമകൾ
NUM,കാറ്റി അസെൽട്ടൺ അഭിനയിച്ച സിനിമകൾ എപ്പോഴാണ് റിലീസ് ചെയ്തത്
NUM,വിൽമർ വാൽഡെറാമ അഭിനയിച്ച സിനിമകളുടെ റിലീസ് വർഷങ്ങൾ എന്തായിരുന്നു?
ENTY,ദ പ്രൈസ് ഓഫ് മിൽക്കിലെ നടൻ ഏത് ചിത്രങ്ങളിലാണ് പ്രത്യക്ഷപ്പെടുന്നത്
HUM,ജെഫ്രി ബല്ലാർഡ് അഭിനയിച്ച സിനിമകളുടെ തിരക്കഥാകൃത്തായി പട്ടികപ്പെടുത്തിയിട്ടുണ്ട്
NUM,യൂജിൻ ഒ നീൽ എഴുതിയ സിനിമകളുടെ റിലീസ് തീയതികൾ എന്തായിരുന്നു
NUM,സ്റ്റുവർട്ട് അർബൻ സംവിധാനം ചെയ്ത ചിത്രങ്ങൾ ഏതൊക്കെ വർഷങ്ങളിലാണ് പുറത്തിറങ്ങിയത്
HUM,ക്രിസ് ചിബ്നാൽ എഴുതിയ സിനിമകളിലെ അഭിനേതാക്കൾ
ENTY,ഐസ് ഓഫ് ലോറ മാർസിൻ്റെ സംവിധായകൻ ഏതൊക്കെ ചിത്രങ്ങളാണ് സംവിധാനം ചെയ്തത്
ENTY,ഫൂൾ ഫോർ ലൗവിലെ നടനും അഭിനയിച്ച സിനിമകൾ
ENTY,വാട്ട് എവർ ഹാപ്പൻഡ് ടു ബേബി ജെയ്നിലെ നടൻ? ഏത് സിനിമകളിലും പ്രത്യക്ഷപ്പെടുന്നു
NUM,റാഫി പിറ്റ്‌സ് എഴുതിയ സിനിമകളുടെ റിലീസ് വർഷങ്ങൾ എന്തായിരുന്നു
ENTY,ഫാളിൻ്റെ അതേ നടനെ പങ്കിടുന്ന സിനിമകൾ
ENTY,ഡെനിസ് അർക്കണ്ട് എഴുതിയ സിനിമകളിൽ സംസാരിക്കുന്ന ഭാഷകൾ ഏതൊക്കെയാണ്
NUM,പീറ്റർ ഹ്യൂക്ക് എഴുതിയ ചിത്രങ്ങൾ എപ്പോഴാണ് പുറത്തിറങ്ങിയത്
ENTY,ദ ലാസ്റ്റ് കിസിൻ്റെ അതേ സംവിധായകൻ പങ്കിടുന്ന സിനിമകൾ ഏതൊക്കെയാണ്
ENTY,വെരാക്രൂസിൻ്റെ തിരക്കഥാകൃത്ത് ഏതൊക്കെ ചിത്രങ്ങളാണ് എഴുതിയത്
HUM,വിഡോർ രാജാവിൻ്റെ സഹ-എഴുത്തുകാർ
ENTY,മൈക്കൽ ജയ് വൈറ്റ് അഭിനയിച്ച സിനിമകളുടെ വിഭാഗങ്ങൾ എന്തൊക്കെയാണ്
ENTY,ദി തീഫ് ലോർഡിൻ്റെ തിരക്കഥാകൃത്തും ഏതൊക്കെ സിനിമകളാണ് എഴുതിയത്
NUM,ഡേവിഡ് ഹെൻറി ഹ്വാങ് എഴുതിയ സിനിമകൾ എപ്പോഴാണ് പുറത്തിറങ്ങിയത്
HUM,വോയ്‌സിക് ഹാസ് സംവിധാനം ചെയ്ത സിനിമകൾ എഴുതിയത്
ENTY,ഇൻട്രൊഡ്യൂസിംഗ് ഡൊറോത്തി ഡാൻഡ്രിഡ്ജിൻ്റെ സംവിധായകൻ ഏതൊക്കെ സിനിമകളാണ് സംവിധാനം ചെയ്തത്
HUM,ചാൾസ് ലെഡറർ എഴുതിയ സിനിമകളിലെ അഭിനേതാക്കൾ
NUM,ട്രോയ് ഡൊണാഹ്യൂ അഭിനയിച്ച സിനിമകൾ പുറത്തിറങ്ങിയത് ഏതൊക്കെ വർഷങ്ങളിലാണ്
ENTY,മാഡം ഡി ലാ ഫയെറ്റ് എഴുതിയ സിനിമകളിലെ പ്രധാന ഭാഷകൾ ഏതൊക്കെയാണ്
NUM,ഷെറി മൂൺ സോംബി അഭിനയിച്ച ചിത്രങ്ങൾ എപ്പോഴാണ് റിലീസ് ചെയ്തത്
HUM,ഹോവാർഡ് സ്റ്റെർനുമായി സഹ-രചയിതാവ്
HUM,മരിയോ മച്ചാഡോ അഭിനയിച്ച സിനിമകൾ എഴുതിയത് ആരാണ്?
NUM,ഡൊണാൾഡ് റൈസ് സംവിധാനം ചെയ്ത സിനിമകളുടെ റിലീസ് തീയതികൾ എന്തായിരുന്നു
HUM,മിയ കിർഷ്‌നർ അഭിനയിച്ച സിനിമകളുടെ സംവിധായികയായി പട്ടികയിൽ ഇടം നേടിയിട്ടുണ്ട്
HUM,മൗറീസ് വെർണനൊപ്പം സിനിമകൾ എഴുതിയിട്ടുണ്ട്
NUM,എപ്പോഴാണ് ഗോറാൻ മർയനോവിച്ച് അഭിനയിച്ച സിനിമകൾ പുറത്തിറങ്ങിയത്
ENTY,കെൻ്റ് ആൾട്ടർമാൻ സംവിധാനം ചെയ്ത സിനിമകൾ ഏതൊക്കെ വിഭാഗങ്ങളിലായിരുന്നു
NUM,മാർക്ക് മക്മാനസ് അഭിനയിച്ച സിനിമകൾ എപ്പോഴാണ് പുറത്തിറങ്ങിയത്
HUM,ഷെമർ മൂർ അഭിനയിച്ച സിനിമകൾ സംവിധാനം ചെയ്തത്
NUM,വിട്ടോറിയോ ഡി ബെനഡെറ്റി എഴുതിയ സിനിമകളുടെ റിലീസ് തീയതികൾ എന്തായിരുന്നു
ENTY,അഹരോൺ കെഷാലെസ് എഴുതിയ സിനിമകൾ ഏത് വിഭാഗത്തിലാണ് വരുന്നത്
NUM,Ede Tarbay എഴുതിയ സിനിമകളുടെ റിലീസ് തീയതികൾ എന്തായിരുന്നു
ENTY,കാമെൻ കലേവ് എഴുതിയ സിനിമകളിലെ പ്രധാന ഭാഷകൾ ഏതൊക്കെയാണ്
NUM,കാം ആർച്ചർ എഴുതിയ സിനിമകൾ എപ്പോഴാണ് റിലീസ് ചെയ്തത്
ENTY,പോൾ ഹാഗിസ് സംവിധാനം ചെയ്ത സിനിമകൾ ഏതൊക്കെ വിഭാഗങ്ങളിലായിരുന്നു
ENTY,ഹിറ്റ് ആൻഡ് റണ്ണിലെ നടൻ ഏത് സിനിമകളിലാണ് പ്രത്യക്ഷപ്പെടുന്നത്
ENTY,സാറാ വില്യംസ് എഴുതിയ സിനിമകൾ ഏതൊക്കെയാണ്
HUM,സ്കോട്ട് വിൽസണൊപ്പം അഭിനയിച്ചവർ
ENTY,ഫ്ലാഗ്‌സ് ഓഫ് ഔർ ഫാദേഴ്‌സിൻ്റെ അതേ സംവിധായകൻ തന്നെ സംവിധാനം ചെയ്ത സിനിമകൾ ഏതൊക്കെയാണ്
ENTY,ദി ഡേ ഓഫ് ദി ട്രിഫിഡ്‌സിൻ്റെ തിരക്കഥാകൃത്ത് ഏതൊക്കെ ചിത്രങ്ങളാണ് എഴുതിയത്
ENTY,ഡോറിയൻ ഗ്രേയുടെ സംവിധായകൻ ഏതൊക്കെ സിനിമകളാണ് സംവിധാനം ചെയ്തത്
ENTY,ഐ ലവ് ട്രബിളിൻ്റെ തിരക്കഥാകൃത്ത് ഏതൊക്കെ ചിത്രങ്ങളാണ് എഴുതിയത്
ENTY,ട്രൈലോജി ഓഫ് ടെറർ II ലെ നടനും ഏത് സിനിമകളിൽ അഭിനയിച്ചു
ENTY,ഫെർണാണ്ടോ സാഞ്ചോ അഭിനയിച്ച സിനിമകളുടെ തരങ്ങൾ ഏതൊക്കെയാണ്
HUM,എസ് ഇ ഹിൻ്റൺ എഴുതിയ ചിത്രങ്ങളുടെ സംവിധായകർ
NUM,സൈമൺ ഓക്ക്‌ലാൻഡ് അഭിനയിച്ച സിനിമകൾ എപ്പോഴാണ് പുറത്തിറങ്ങിയത്
HUM,ജോൺ സ്‌പൈറ്റ്‌സ് എഴുതിയ ചിത്രങ്ങളിലെ അഭിനേതാക്കൾ
HUM,അന്ന മാസി അഭിനയിച്ച സിനിമകളുടെ സംവിധായികയായി പട്ടികപ്പെടുത്തിയിട്ടുണ്ട്
ENTY,ഇൻവിസിബിൾ വേവ്സിലെ നടൻ ഏത് സിനിമകളിലാണ് പ്രത്യക്ഷപ്പെടുന്നത്
HUM,ഡാന ആദം ഷാപ്പിറോ എഴുതിയ ചിത്രങ്ങളിലെ അഭിനേതാക്കൾ
HUM,ഗ്രാൻ്റ് സ്റ്റുവർട്ട് എഴുതിയ സിനിമകൾ സംവിധാനം ചെയ്ത വ്യക്തി
NUM,മിലി അവിതൽ അഭിനയിച്ച സിനിമകളുടെ റിലീസ് തീയതികൾ എന്തായിരുന്നു
ENTY,ക്രിസ് മുൽക്കി അഭിനയിച്ച സിനിമകൾ ഏത് വിഭാഗത്തിലാണ് വരുന്നത്
ENTY,ഡേവിഡ് കീറ്റിംഗ് എഴുതിയ സിനിമകൾ ഏതൊക്കെ തരത്തിലാണ്
NUM,ഫിലിപ്പ് മുയിൽ എഴുതിയ സിനിമകളുടെ റിലീസ് തീയതികൾ എന്തായിരുന്നു
ENTY,ഷുഗർ ടൗണിൻ്റെ അതേ സംവിധായകൻ പങ്കിടുന്ന സിനിമകൾ
ENTY,നമ്മുടെ മുന്തിരിയുടെ അതേ സംവിധായകൻ പങ്കിടുന്ന സിനിമകൾ ഏതൊക്കെയാണ് ടെൻഡർ ഗ്രേപ്സ്
ENTY,ജോൺ ക്വാലൻ അഭിനയിച്ച സിനിമകൾ ഏതൊക്കെയാണ്
ENTY,നൈറ്റ് അറ്റ് ദ മ്യൂസിയത്തിൻ്റെ അതേ സംവിധായകൻ തന്നെ സംവിധാനം ചെയ്ത സിനിമകൾ ഏതൊക്കെയാണ്
HUM,മോനിക്കിനൊപ്പം അഭിനയിച്ചവർ
HUM,മാത്യു മണൽ എഴുതിയ സിനിമകൾ സംവിധാനം ചെയ്ത വ്യക്തി
HUM,ജോർജ് ഡിലിയ അഭിനയിച്ച സിനിമകൾ സംവിധാനം ചെയ്തയാൾ
HUM,ലുയിഗി ബാർട്ടോലിനിയുടെ സഹ-എഴുത്തുകാരാണ്
ENTY,80 ദിവസത്തിനുള്ളിൽ ലോകമെമ്പാടുമുള്ള ഒരേ നടനെ പങ്കിടുന്ന സിനിമകൾ
ENTY,മക്കോട്ടോ ഷിൻകായ് അഭിനയിച്ച സിനിമകൾ ഏതൊക്കെ ഭാഷകളിലായിരുന്നു
HUM,ജെറാർഡ് ജോൺസൺ സംവിധാനം ചെയ്ത ചിത്രങ്ങളിൽ അഭിനയിച്ചിട്ടുണ്ട്
ENTY,റോബർട്ട് ഇസഡ്. ലിയോനാർഡ് സംവിധാനം ചെയ്ത സിനിമകൾ ഏത് വിഭാഗത്തിലാണ് വരുന്നത്
HUM,ഷീലാ ടെറി അഭിനയിച്ച സിനിമകളുടെ തിരക്കഥാകൃത്ത്
ENTY,മേരി കോർൺമാൻ അഭിനയിച്ച സിനിമകളുടെ വിഭാഗങ്ങൾ എന്തൊക്കെയാണ്
HUM,ഫ്രാൻസെസ്കോ കാസിസ അഭിനയിച്ച സിനിമകളുടെ രചയിതാക്കൾ
ENTY,വില്യം ഡേവിസ് എഴുതിയ സിനിമകളിലെ പ്രധാന ഭാഷകൾ ഏതൊക്കെയാണ്
ENTY,കോസ് ഫോർ അലാറത്തിൻ്റെ നടൻ! ഏത് ചിത്രങ്ങളിലും അഭിനയിച്ചു
HUM,മിയ സാറ അഭിനയിച്ച സിനിമകൾ എഴുതിയത് ആരാണ്?
ENTY,ദ ബോയ് നെക്സ്റ്റ് ഡോറിലെ നടനും ഏത് ചിത്രങ്ങളിൽ അഭിനയിച്ചു
HUM,ജോയൽ കോഹൻ എഴുതിയ ചിത്രങ്ങളുടെ സംവിധായകർ
ENTY,ഫാബിയൻ ബിലിൻസ്കി എഴുതിയ സിനിമകൾ ഏതൊക്കെയാണ്
HUM,ടിം മഗ്രോ അഭിനയിച്ച സിനിമകൾ എഴുതിയത് ആരാണ്
ENTY,ദ ഡെഡ് പൂളിൻ്റെ സംവിധായകൻ തന്നെയാണ് ഏത് ചിത്രങ്ങളുടെ സംവിധായകനും
NUM,എഡ്വേർഡ് ചൈൽഡ്സ് കാർപെൻ്റർ എഴുതിയ സിനിമകൾ എപ്പോഴാണ് റിലീസ് ചെയ്തത്
NUM,ഡെന്നിസ് ഫാനിംഗ് എഴുതിയ സിനിമകൾ എപ്പോഴാണ് പുറത്തിറങ്ങിയത്
NUM,ലൂസിയാന പെദ്രസ അഭിനയിച്ച സിനിമകൾ പുറത്തിറങ്ങിയത് ഏതൊക്കെ വർഷങ്ങളിലാണ്
HUM,കിം ലിയോണയ്‌ക്കൊപ്പം സിനിമകൾ എഴുതിയിട്ടുണ്ട്
HUM,ഫ്രാങ്ക് റയാൻ എഴുതിയ സിനിമകളിൽ അഭിനയിച്ചു
HUM,ജോൺ സി. റെയ്‌ലി എഴുതിയ സിനിമകളുടെ സംവിധായകനായി പട്ടികപ്പെടുത്തിയിട്ടുണ്ട്
HUM,മില്ലിസെൻ്റ് ഷെൽട്ടൺ എഴുതിയ ചിത്രങ്ങളിലെ അഭിനേതാക്കൾ
ENTY,ഹേവുഡ് ഗൗൾഡ് എഴുതിയ സിനിമകൾ ഏതൊക്കെ തരത്തിലാണ്
HUM,ക്ലിഫ് പ്രൗസ് എന്ന നടൻ സഹനടനാണ്
ENTY,ജെറമി ഗാരെലിക്ക് എഴുതിയ സിനിമകളിൽ ഏതൊക്കെ അഭിനേതാക്കളാണ് അഭിനയിച്ചത്
ENTY,ദ ഡ്യുവലിസ്റ്റുകളുടെ അതേ സംവിധായകൻ ഉള്ള സിനിമകൾ
ENTY,ഹിരോമാസ യോനെബയാഷി സംവിധാനം ചെയ്ത സിനിമകൾ ഏതൊക്കെയാണ്
HUM,കെവിൻ ഡ്രോണി എഴുതിയ ചിത്രങ്ങളിലെ അഭിനേതാക്കൾ
HUM,റിച്ചാർഡ് ഷെങ്ക്മാൻ എഴുതിയ ചിത്രങ്ങളിലെ അഭിനേതാക്കൾ
NUM,എമിൽ സ്റ്റേൺ എഴുതിയ സിനിമകളുടെ റിലീസ് തീയതികൾ എന്തായിരുന്നു
NUM,എസ് എൻ ബെഹ്മാൻ എഴുതിയ സിനിമകൾ എപ്പോഴാണ് റിലീസ് ചെയ്തത്
HUM,ജാക്വലിൻ സ്കോട്ട് അഭിനയിച്ച ചിത്രങ്ങൾ സംവിധാനം ചെയ്തത്
NUM,ഇമ്മാനുവൽ കാരേർ എഴുതിയ സിനിമകൾ എപ്പോഴാണ് റിലീസ് ചെയ്തത്
NUM,ജീൻ കോസ്മോസ് എഴുതിയ സിനിമകൾ എപ്പോഴാണ് പുറത്തിറങ്ങിയത്
ENTY,ബ്രയാൻ ഗുഡ്മാൻ സംവിധാനം ചെയ്ത സിനിമകൾ ഏതൊക്കെയാണ്
NUM,ആൻ്റണി ആംസ്ട്രോങ് എഴുതിയ സിനിമകളുടെ റിലീസ് തീയതികൾ എന്തായിരുന്നു
ENTY,കുർട്ട് ഫ്രേ എഴുതിയ സിനിമകളുടെ വിഭാഗങ്ങൾ എന്തൊക്കെയാണ്
ENTY,ഹോയ്റ്റ് യെറ്റ്മാൻ എഴുതിയ സിനിമകളുടെ വിഭാഗങ്ങൾ എന്തൊക്കെയാണ്
ENTY,മിത്ജ ഒകോർൺ സംവിധാനം ചെയ്ത സിനിമകൾ ഏത് വിഭാഗത്തിലാണ് വരുന്നത്
NUM,വിക്ടോറിയ ഹരലബിദൗ അഭിനയിച്ച സിനിമകൾ പുറത്തിറങ്ങിയത് ഏതൊക്കെ വർഷങ്ങളിലാണ്
NUM,ജോഡി ലിൻ ഒകീഫ് അഭിനയിച്ച ചിത്രങ്ങൾ എപ്പോഴാണ് പുറത്തിറങ്ങിയത്
ENTY,ദി ഫ്യൂജിറ്റീവിൻ്റെ അതേ തിരക്കഥാകൃത്ത് ഏതൊക്കെ സിനിമകളാണ്
ENTY,ബിയോണ്ട് തെറാപ്പിയുടെ അതേ സംവിധായകൻ ഏതൊക്കെ സിനിമകളാണ്
NUM,അനറ്റോൾ ഡി ഗ്രൻവാൾഡ് എഴുതിയ സിനിമകൾ എപ്പോഴാണ് പുറത്തിറങ്ങിയത്
ENTY,റിച്ചാർഡ് എം. ഷെർമാൻ എഴുതിയ സിനിമകൾ ഏതൊക്കെ തരത്തിലാണ്
NUM,സാറാ വില്യംസ് എഴുതിയ സിനിമകളുടെ റിലീസ് തീയതികൾ എന്തായിരുന്നു
ENTY,മെഡിയയുമായി തിരക്കഥാകൃത്ത് പങ്കിടുന്ന സിനിമകൾ
HUM,ക്ലോഡിയ അബ്രു അഭിനയിച്ച സിനിമകൾ ആരാണ് സംവിധാനം ചെയ്തത്
HUM,എനിഡ് ബാഗ്‌നോൾഡ് എഴുതിയ സിനിമകളുടെ സംവിധായകനായി പട്ടികപ്പെടുത്തിയിട്ടുണ്ട്
HUM,ജുൻ ഫാൽക്കൻസ്റ്റീൻ സംവിധാനം ചെയ്ത സിനിമകളിൽ അഭിനയിച്ചത് ആരാണ്
NUM,ബ്രൂണോ റോമി രചിച്ച സിനിമകൾ പുറത്തിറങ്ങിയത് ഏതൊക്കെ വർഷങ്ങളിലാണ്
ENTY,ഹാലോവീൻടൗൺ ഹൈയുടെ അതേ നടൻ ഉള്ള സിനിമകൾ ഏതൊക്കെയാണ്
HUM,റോസാൻ ബാർ അഭിനയിച്ച ചിത്രങ്ങൾ സംവിധാനം ചെയ്തത് ആരാണ്
ENTY,4 മണിക്ക് പിശാചുമായി തിരക്കഥാകൃത്ത് പങ്കിടുന്ന സിനിമകൾ
ENTY,സ്മൂത്ത് ടോക്കിലെ നടനും ഏത് ചിത്രങ്ങളിൽ അഭിനയിച്ചു
NUM,എപ്പോഴാണ് മാർക്ക് ഒ റോയുടെ രചനകൾ പുറത്തിറങ്ങിയത്
ENTY,എഡ്വേർഡ് സ്വിക്ക് സംവിധാനം ചെയ്ത സിനിമകൾ ഏതൊക്കെ ഭാഷകളിലാണ്
HUM,വില്യം ഫോസെറ്റ് അഭിനയിച്ച സിനിമകളുടെ രചയിതാക്കൾ
NUM,സ്കോട്ട് സിൽവർ രചിച്ച സിനിമകൾ പുറത്തിറങ്ങിയത് ഏതൊക്കെ വർഷങ്ങളിലാണ്
HUM,BoA എന്ന നടൻ ആരോടൊപ്പം അഭിനയിച്ചു
NUM,ആർതർ ടി. ഹോർമാൻ രചിച്ച ചിത്രങ്ങൾ ഏതൊക്കെ വർഷങ്ങളിലാണ് പുറത്തിറങ്ങിയത്
ENTY,ദി ബെല്ലി ഓഫ് ആൻ ആർക്കിടെക്റ്റിനൊപ്പം തിരക്കഥാകൃത്ത് പങ്കിടുന്ന സിനിമകൾ
HUM,ജോൺ പി. മാർക്വാണ്ട് എഴുതിയ സിനിമകളിൽ അഭിനയിച്ചിട്ടുണ്ട്
ENTY,ഗോൾഡൻ ഐയുടെ അതേ തിരക്കഥാകൃത്ത് ഏതൊക്കെ സിനിമകളാണ്
ENTY,ചേസിംഗ് ആമിയുടെ അതേ സംവിധായകൻ ഏതൊക്കെ സിനിമകളാണ്
ENTY,റോബർട്ട് ക്ലൗസ് സംവിധാനം ചെയ്ത സിനിമകളിലെ പ്രധാന ഭാഷകൾ ഏതൊക്കെയാണ്
ENTY,മക്കിക്കോ എസുമി അഭിനയിച്ച സിനിമകളിലെ പ്രാഥമിക ഭാഷകൾ ഏതൊക്കെയാണ്
HUM,പോൾ കിംഗ് സംവിധാനം ചെയ്ത സിനിമകൾ എഴുതിയത്
ENTY,റോബർട്ട് കെന്നർ എഴുതിയ സിനിമകൾ ഏതൊക്കെ തരത്തിലാണ്
HUM,വൈനോ ലിന്ന എഴുതിയ സിനിമകളുടെ സംവിധായകനായി പട്ടികപ്പെടുത്തിയിട്ടുണ്ട്
ENTY,ഹെർബർട്ട് ജെ. ബൈബർമാൻ സംവിധാനം ചെയ്ത സിനിമകൾ ഏതൊക്കെ വിഭാഗങ്ങളിലായിരുന്നു
ENTY,വില്യം വീലർ എഴുതിയ സിനിമകളുടെ വിഭാഗങ്ങൾ എന്തൊക്കെയാണ്
NUM,റിച്ചാർഡ് ബോലെസ്ലാവ്സ്കി സംവിധാനം ചെയ്ത സിനിമകളുടെ റിലീസ് തീയതികൾ എന്തായിരുന്നു
HUM,ടിം റോബിൻസ് സംവിധാനം ചെയ്ത സിനിമകൾ എഴുതിയത് ആരാണ്?
HUM,റൂത്ത് മക്കെന്നിയുടെ സിനിമാ സഹ-എഴുത്തുകാരാണ്
ENTY,ജൂഹയുടെ തിരക്കഥാകൃത്തും സിനിമകൾ എഴുതിയിട്ടുണ്ട്
HUM,നടൻ ഉറ്റാ ഹേഗൻ ആർക്കൊപ്പം അഭിനയിച്ചു
NUM,ടമാർ സൈമൺ ഹോഫ്‌സ് സംവിധാനം ചെയ്ത ചിത്രങ്ങൾ റിലീസ് ചെയ്ത വർഷങ്ങൾ
NUM,ജസ്റ്റ് ജെക്കിൻ എഴുതിയ സിനിമകൾ എപ്പോഴാണ് പുറത്തിറങ്ങിയത്
HUM,ബോബി ആൻ മേസണുമായി സഹ-രചയിതാവ്
NUM,എപ്പോഴാണ് ഉന മെർക്കൽ അഭിനയിച്ച ചിത്രങ്ങൾ റിലീസ് ചെയ്തത്
HUM,ജോഡി ലോറൻസ് അഭിനയിച്ച സിനിമകൾ സംവിധാനം ചെയ്ത വ്യക്തി
ENTY,ടോം മാൻകിവിച്ച് സംവിധാനം ചെയ്ത സിനിമകൾ ഏതൊക്കെ വിഭാഗങ്ങളിലായിരുന്നു
ENTY,സ്ലേവ്സ് ഓഫ് ന്യൂയോർക്കിലെ അതേ നടനെ പങ്കിടുന്ന സിനിമകൾ
ENTY,ജോനാസ് ചെർനിക്ക് അഭിനയിച്ച സിനിമകളുടെ വിഭാഗങ്ങൾ എന്തൊക്കെയാണ്
HUM,ഷെറിൽ ലീച്ച് രചിച്ച ചിത്രങ്ങളുടെ സംവിധായകർ
ENTY,സെസ്ക് ഗേ സംവിധാനം ചെയ്ത സിനിമകളുടെ തരങ്ങൾ എന്തൊക്കെയാണ്
HUM,ജെയിംസ് ഹിക്സ് എഴുതിയ സിനിമകളിൽ അഭിനയിച്ചു
HUM,ജെഫ്രി ഹൗസ്ഹോൾഡ് എഴുതിയ സിനിമകളിൽ അഭിനയിച്ചത് ആരാണ്
ENTY,ടിമോ വുറെൻസോള സംവിധാനം ചെയ്ത സിനിമകൾ ഏതൊക്കെയാണ്
ENTY,ജൂഡ് ലോ അഭിനയിച്ച സിനിമകളുടെ തരങ്ങൾ എന്തൊക്കെയാണ്
ENTY,ഫ്രാൻസ്വാ ഡാമിയൻസ് അഭിനയിച്ച സിനിമകളിലെ പ്രധാന ഭാഷകൾ ഏതൊക്കെയാണ്
ENTY,എ ബേഡേഴ്‌സ് ഗൈഡ് ടു എവരിവിംഗ് എന്ന അതേ നടൻ ഉള്ള സിനിമകൾ
HUM,ഡഗ് സൈമൺ തിരക്കഥയെഴുതി സിനിമകൾ സംവിധാനം ചെയ്തത്
HUM,മറീന ഫോയിസിൻ്റെ സഹതാരങ്ങൾ
ENTY,ദ ഫുള്ളർ ബ്രഷ് മാൻ്റെ അതേ നടനുള്ള സിനിമകൾ ഏതൊക്കെയാണ്
ENTY,ശർമൻ ജോഷി അഭിനയിച്ച സിനിമകൾ ഏതൊക്കെയാണ്?
NUM,സാറ സ്നൂക്ക് അഭിനയിച്ച സിനിമകൾ പുറത്തിറങ്ങിയത് ഏതൊക്കെ വർഷങ്ങളിലാണ്
ENTY,ദേ മെയ്റ്റ് ബി ജയൻ്റ്സിൻ്റെ അതേ തിരക്കഥാകൃത്ത് ഉള്ള സിനിമകൾ ഏതൊക്കെയാണ്
ENTY,ഇവാൻഹോയുടെ അതേ നടനുള്ള സിനിമകൾ ഏതൊക്കെയാണ്
HUM,ജിം പിഡോക്ക് എഴുതിയ ചിത്രങ്ങളിൽ അഭിനയിച്ചു
HUM,ലീ ചൈൽഡ് എഴുതിയ സിനിമകൾ സംവിധാനം ചെയ്ത വ്യക്തി
ENTY,കേണൽ ചാബെർട്ടിൻ്റെ അതേ തിരക്കഥാകൃത്ത് ഉള്ള സിനിമകൾ
NUM,ജേസൺ സ്കോട്ട് ലീ അഭിനയിച്ച സിനിമകൾ എപ്പോഴാണ് പുറത്തിറങ്ങിയത്
HUM,അലജാൻഡ്രോ ജോഡോറോവ്സ്കി എഴുതിയ സിനിമകളിൽ അഭിനയിച്ചു
HUM,വനേസ പാരീസ് എഴുതിയ സിനിമകൾ ആരാണ് സംവിധാനം ചെയ്തത്
ENTY,മോർട്ടൺ ഡകോസ്റ്റ സംവിധാനം ചെയ്ത സിനിമകൾ ഏത് വിഭാഗത്തിലാണ് വരുന്നത്
HUM,കേറ്റ് കോണറിൻ്റെ സഹതാരങ്ങൾ
ENTY,ഫ്രെഡ് സി. ന്യൂമെയർ സംവിധാനം ചെയ്ത സിനിമകൾ ഏത് വിഭാഗത്തിലാണ് വരുന്നത്
HUM,ജോസഫ് സിഡാർ സംവിധാനം ചെയ്ത ചിത്രങ്ങളിലെ അഭിനേതാക്കൾ
HUM,ടിം മെഡോസ് അഭിനയിച്ച സിനിമകളുടെ തിരക്കഥാകൃത്തായി പട്ടികപ്പെടുത്തിയിട്ടുണ്ട്
ENTY,ഫ്രാങ്കോയിസ് ബെർലാൻഡ് അഭിനയിച്ച സിനിമകളിലെ പ്രാഥമിക ഭാഷകൾ ഏതൊക്കെയാണ്
HUM,ഫിലിപ്പ് നഹോൺ അഭിനയിച്ച സിനിമകൾ എഴുതിയത് ആരാണ്?
ENTY,കീപ് ദ ലൈറ്റ്‌സ് ഓണിൻ്റെ അതേ സംവിധായകൻ ഏതൊക്കെ സിനിമകളാണ്
NUM,നഥാനിയേൽ ഗുഡ്മാൻ എഴുതിയ സിനിമകളുടെ റിലീസ് തീയതികൾ എന്തായിരുന്നു
ENTY,മാർക്ക് ഒകീഫ് എഴുതിയ സിനിമകൾ ഏതൊക്കെയാണ്
HUM,എലോഡി ബൗച്ചസിനൊപ്പം അഭിനയിച്ചു
HUM,ലെലെതി ഖുമാലോയ്‌ക്കൊപ്പം അഭിനയിച്ചത്
NUM,ഒറെൻ റുഡാവ്‌സ്‌കി രചിച്ച സിനിമകളുടെ റിലീസ് വർഷങ്ങൾ എന്തായിരുന്നു
HUM,മാർക്ക് എ. ആൾട്ട്മാൻ എഴുതിയ ചിത്രങ്ങളിലെ അഭിനേതാക്കൾ
ENTY,അനലൈസ് ദാറ്റിൻ്റെ അതേ സംവിധായകൻ തന്നെ സംവിധാനം ചെയ്ത സിനിമകൾ ഏതൊക്കെയാണ്
HUM,പോൾ വിൻഫീൽഡിനൊപ്പം അഭിനയിച്ചു
HUM,ആർതർ ഫ്രാൻസ് എന്ന നടൻ കൂടെ അഭിനയിച്ചു
NUM,ടോം കെയിൻസ് രചിച്ച സിനിമകൾ റിലീസ് ചെയ്ത വർഷങ്ങൾ
ENTY,ഗോയുടെ അതേ തിരക്കഥാകൃത്ത് ഏതൊക്കെ സിനിമകളാണ്
NUM,ഡാനിയൽ മീർസാൻഡ് എഴുതിയ സിനിമകളുടെ റിലീസ് വർഷങ്ങൾ എന്തായിരുന്നു
NUM,നിക്കോളാസ് ക്ലേ അഭിനയിച്ച ചിത്രങ്ങൾ റിലീസ് ചെയ്ത വർഷങ്ങൾ
NUM,ലോറൻ്റ് ഡച്ച് അഭിനയിച്ച സിനിമകൾ റിലീസ് ചെയ്ത വർഷങ്ങൾ
NUM,കാസ്പർ ബാർഫോഡ് സംവിധാനം ചെയ്ത സിനിമകൾ എപ്പോഴാണ് പുറത്തിറങ്ങിയത്
HUM,ഡഡ്‌ലി മർഫി സംവിധാനം ചെയ്ത സിനിമകൾ എഴുതിയത് ആരാണ്
HUM,നടൻ എലിസബത്ത് റീസർ ആർക്കൊപ്പം അഭിനയിച്ചു
ENTY,ഡിലൻ നീൽ അഭിനയിച്ച സിനിമകൾ ഏതൊക്കെ വിഭാഗങ്ങളിലായിരുന്നു
NUM,എപ്പോഴാണ് റോബി അമേൽ അഭിനയിച്ച ചിത്രങ്ങൾ റിലീസ് ചെയ്തത്
ENTY,ടോം ഹോളണ്ട് സംവിധാനം ചെയ്ത സിനിമകൾ ഏതൊക്കെ തരത്തിലാണ്
ENTY,ചിവെറ്റെൽ എജിയോഫോർ അഭിനയിച്ച സിനിമകൾ ഏതൊക്കെയാണ്
ENTY,ദ ഹൗസ് ബണ്ണിയുടെ അതേ നടൻ ഏതൊക്കെ സിനിമകളിലാണ്
ENTY,സബോട്ടറിൻ്റെ അതേ തിരക്കഥാകൃത്ത് ഉള്ള സിനിമകൾ
NUM,വാൾട്ടർ സാക്‌സർ എഴുതിയ സിനിമകളുടെ റിലീസ് തീയതികൾ എന്തായിരുന്നു
ENTY,റേ മക്കിന്നൻ എഴുതിയ സിനിമകൾ ഏതൊക്കെ തരത്തിലാണ്
ENTY,ബെർണീസ് ക്ലെയർ അഭിനയിച്ച സിനിമകൾ ഏതൊക്കെ വിഭാഗങ്ങളിലായിരുന്നു
NUM,റെക്സ് തോംസൺ അഭിനയിച്ച സിനിമകൾ എപ്പോഴാണ് റിലീസ് ചെയ്തത്
HUM,കീത്ത് റെഡ്ഡിനോടൊപ്പം സിനിമകൾ എഴുതിയിട്ടുണ്ട്
ENTY,ക്രിസ്റ്റീന യാവോ എഴുതിയ സിനിമകളിൽ ഏതൊക്കെ അഭിനേതാക്കളാണ് അഭിനയിച്ചത്
ENTY,ഫ്ലോറൻസ് ബേറ്റ്‌സ് അഭിനയിച്ച സിനിമകളുടെ വിഭാഗങ്ങൾ എന്തൊക്കെയാണ്
ENTY,അനിമൽസ് യുണൈറ്റഡിൻ്റെ അതേ സംവിധായകൻ ഏതൊക്കെ സിനിമകളാണ്
NUM,നെവ ഫ്രീഡൻ എഴുതിയ സിനിമകൾ എപ്പോഴാണ് റിലീസ് ചെയ്തത്
HUM,കെ ഹാമണ്ട് അഭിനയിച്ച സിനിമകൾക്ക് തിരക്കഥ എഴുതിയത്
ENTY,ടോറൻ്റിൻ്റെ നടൻ എൽ ബ്രാസോ ടോൻ്റോ ഡി ലാ ലിയും അഭിനയിച്ച സിനിമകൾ
HUM,എസ്ര ബസിങ്ടൺ അഭിനയിച്ച സിനിമകൾ എഴുതിയത് ആരാണ്?
ENTY,കോംബാറ്റ് ഷോക്കിനൊപ്പം തിരക്കഥാകൃത്ത് പങ്കുവെക്കുന്ന സിനിമകൾ
HUM,ബെൻ പാമർ സംവിധാനം ചെയ്ത ചിത്രങ്ങളിലെ അഭിനേതാക്കൾ
ENTY,ലോറ ലാ പ്ലാൻ്റ് അഭിനയിച്ച സിനിമകൾ ഏതൊക്കെ വിഭാഗങ്ങളിലായിരുന്നു
HUM,ഉള്ളി ലോമ്മലിനൊപ്പം സിനിമകൾ സംവിധാനം ചെയ്‌തിട്ടുണ്ട്
HUM,വുഡ് മോയ് അഭിനയിച്ച സിനിമകൾ എഴുതിയത് ആരാണ്
HUM,ദേരൻ സരഫിയാൻ സംവിധാനം ചെയ്ത ചിത്രങ്ങളിൽ അഭിനയിച്ചിട്ടുണ്ട്
HUM,ഹാൻസ് റാമോ എഴുതിയ സിനിമകളുടെ സംവിധായകനായി പട്ടികപ്പെടുത്തിയിട്ടുണ്ട്
ENTY,ചീച്ച് മരിൻ സംവിധാനം ചെയ്ത സിനിമകൾ ഏതൊക്കെയാണ്
ENTY,ദി മൈനസ് മാനുമായി തിരക്കഥാകൃത്ത് പങ്കിടുന്ന സിനിമകൾ
ENTY,ചാൾസ് എസ്. ഡട്ടൺ അഭിനയിച്ച സിനിമകൾ ഏത് വിഭാഗത്തിലാണ് വരുന്നത്
HUM,മരിയ ഔസ്പെൻസ്കായ അഭിനയിച്ച സിനിമകൾ സംവിധാനം ചെയ്തത് ആരാണ്
HUM,ചാൾസ് പെറോൾട്ട് എഴുതിയ സിനിമകളിൽ അഭിനയിച്ചു
HUM,ചാൾസ് ബ്രാക്കറ്റിനൊപ്പം സിനിമകൾ എഴുതിയിട്ടുണ്ട്
NUM,എപ്പോഴാണ് ആൻജി ഹാർമോൺ അഭിനയിച്ച സിനിമകൾ പുറത്തിറങ്ങിയത്
ENTY,ബ്രാൻഡൻ ക്യാമ്പ് സംവിധാനം ചെയ്ത സിനിമകൾ ഏതൊക്കെ വിഭാഗങ്ങളിലായിരുന്നു
HUM,തിരക്കഥാകൃത്ത് സിന്തിയ സിഡ്രെ ആർക്കൊപ്പം സിനിമകൾ എഴുതി
HUM,ജോ എസ്റ്റെർഹാസ് എഴുതിയ ചിത്രങ്ങൾ സംവിധാനം ചെയ്തത് ആരാണ്
ENTY,ഹാർവി വീലർ എഴുതിയ സിനിമകൾ ഏതൊക്കെയാണ്
HUM,തെരേസ റസ്സൽ അഭിനയിച്ച സിനിമകളുടെ സംവിധായികയായി പട്ടികപ്പെടുത്തിയിട്ടുണ്ട്
ENTY,മക്കാലെ കുൽക്കിൻ അഭിനയിച്ച സിനിമകൾ ഏതൊക്കെ ഭാഷകളിലായിരുന്നു
HUM,നടൻ ആൻ്റണി മൈക്കൽ ഹാൾ ആർക്കൊപ്പം അഭിനയിച്ചു
HUM,മാർഷൽ ഓൾമാൻ അഭിനയിച്ച സിനിമകൾ സംവിധാനം ചെയ്ത വ്യക്തി
ENTY,റോമിയുടെയും മിഷേലിൻ്റെയും ഹൈസ്‌കൂൾ റീയൂണിയൻ്റെ അതേ നടനുള്ള സിനിമകൾ ഏതൊക്കെയാണ്
ENTY,ഹോവാർഡ് ദ ഡക്കിൻ്റെ തിരക്കഥാകൃത്ത് ഏതൊക്കെ ചിത്രങ്ങളാണ് എഴുതിയത്
NUM,ജിം ക്ലിഫ് സംവിധാനം ചെയ്ത ചിത്രങ്ങൾ റിലീസ് ചെയ്ത വർഷങ്ങൾ
ENTY,നെപ്പോളിയൻ ഡൈനാമിറ്റിലെ നടനും ഏത് സിനിമകളിൽ അഭിനയിച്ചു
HUM,ജയ് മക്‌നെർണിയുടെ രചനയിൽ ആരാണ് ചിത്രങ്ങൾ സംവിധാനം ചെയ്തത്
ENTY,എഡ്വേർഡ് നോബ്ലോക്ക് എഴുതിയ സിനിമകൾ ഏത് വിഭാഗത്തിലാണ് വരുന്നത്
ENTY,ബ്ലഡ്‌റെയ്‌നിലെ നടൻ ഏത് സിനിമകളിലാണ് പ്രത്യക്ഷപ്പെടുന്നത്
HUM,ഡോൺ റിക്കിൾസ് അഭിനയിച്ച ചിത്രങ്ങൾ സംവിധാനം ചെയ്തത്
HUM,നടൻ കെവിൻ ഫിലിപ്പ് ആർക്കൊപ്പം അഭിനയിച്ചു
ENTY,ഡഗ്ലസ് മക്‌കൗൺ സംവിധാനം ചെയ്ത സിനിമകളുടെ തരങ്ങൾ ഏതൊക്കെയാണ്
ENTY,അന്നബെല്ല സിയോറ അഭിനയിച്ച സിനിമകൾ ഏതൊക്കെയാണ്?
HUM,ഗ്ലാഡിസ് അങ്കറിൻ്റെ സഹ-എഴുത്തുകാർ
ENTY,ടോണി കോളെറ്റ് അഭിനയിച്ച സിനിമകൾ ഏതൊക്കെയാണ്
HUM,തിരക്കഥാകൃത്ത് റോജർ വെർസലിൻ്റെ അഭിനേതാക്കൾ
NUM,ബബ്ബർ സുഭാഷ് സംവിധാനം ചെയ്ത സിനിമകളുടെ റിലീസ് തീയതികൾ എന്തായിരുന്നു
NUM,ഡേവിഡ് ഹാർബർ അഭിനയിച്ച സിനിമകൾ എപ്പോഴാണ് പുറത്തിറങ്ങിയത്
HUM,വിർണ ലിസിക്കൊപ്പം ഒരേ സിനിമയിൽ പ്രത്യക്ഷപ്പെട്ടു
ENTY,എ ബിഗിനേഴ്‌സ് ഗൈഡ് ടു എൻഡിങ്ങ്സിലെ അതേ നടനെ ഏതൊക്കെ സിനിമകൾ പങ്കിടുന്നു
HUM,സംവിധായകൻ എത്തോർ സ്കോളയുടെ അഭിനേതാക്കൾ
ENTY,സ്റ്റീവ് കൊക്രാൻ അഭിനയിച്ച സിനിമകൾ ഏതൊക്കെയാണ്
HUM,സെഡ്രിക് ദി എൻ്റർടെയ്‌നർ അഭിനയിച്ച സിനിമകൾക്ക് തിരക്കഥ എഴുതിയത്
HUM,ബിൽ കെല്ലി എഴുതിയ സിനിമകളിൽ അഭിനയിച്ചു
ENTY,എവേ ഫ്രം ഹെറിലെ നടൻ ഏത് ചിത്രങ്ങളിലാണ് പ്രത്യക്ഷപ്പെടുന്നത്
ENTY,ദി സൈൻ ഓഫ് ദ ക്രോസുമായി തിരക്കഥാകൃത്ത് പങ്കിടുന്ന സിനിമകൾ
NUM,ക്ലിഫ് ഓവൻ സംവിധാനം ചെയ്ത സിനിമകളുടെ റിലീസ് തീയതികൾ എന്തായിരുന്നു
NUM,ജോൺ ഫാൻ്റെ എഴുതിയ സിനിമകൾ എപ്പോഴാണ് റിലീസ് ചെയ്തത്
ENTY,ഫ്രൈഡ് ഗ്രീൻ ടൊമാറ്റോസിൻ്റെ സംവിധായകൻ ഏതൊക്കെ സിനിമകളും സംവിധാനം ചെയ്തു
ENTY,ഡിലൻ മക്‌ഡെർമോട്ട് അഭിനയിച്ച സിനിമകൾ ഏതൊക്കെയാണ്
ENTY,പ്രതിഭാസത്തിൻ്റെ സംവിധായകൻ ഏതൊക്കെ ചിത്രങ്ങളാണ് സംവിധാനം ചെയ്തത്
ENTY,ലോൺ ഷെർഫിഗ് സംവിധാനം ചെയ്ത സിനിമകൾ ഏതൊക്കെ ഭാഷകളിലായിരുന്നു
ENTY,ബക്ക് ഹെൻറി എഴുതിയ സിനിമകൾ ഏതൊക്കെ വിഭാഗങ്ങളിലായിരുന്നു
ENTY,റോളണ്ട് ഷൂട്ട് എഴുതിയ സിനിമകൾ ഏതൊക്കെയാണ്
NUM,ജൂലിയൻ മാഗ്നറ്റ് സംവിധാനം ചെയ്ത ചിത്രങ്ങൾ എപ്പോഴാണ് പുറത്തിറങ്ങിയത്
ENTY,ബ്രിങ്ക് ഓഫ് ലൈഫിൻ്റെ അതേ സംവിധായകൻ പങ്കിടുന്ന സിനിമകൾ
ENTY,കോസ്മോപോളിസിലെ നടനും ഏത് ചിത്രങ്ങളിൽ അഭിനയിച്ചു
ENTY,സൈമൺ റംലി എഴുതിയ സിനിമകൾ ഏതൊക്കെയാണ്
ENTY,ലാറി ബ്രൗൺ എഴുതിയ സിനിമകളിൽ ഏതൊക്കെ അഭിനേതാക്കളാണ് അഭിനയിച്ചത്
ENTY,ക്രാങ്ക്‌സിനൊപ്പം ക്രിസ്‌മസിൻ്റെ അതേ നടനുള്ള സിനിമകൾ ഏതൊക്കെയാണ്
ENTY,വാണ്ട നെവാഡയുടെ അതേ സംവിധായകൻ പങ്കിടുന്ന സിനിമകൾ
HUM,ബെർണാർഡ് ഷ്ലിങ്ക് എഴുതിയ സിനിമകൾ ആരാണ് സംവിധാനം ചെയ്തത്
ENTY,ഗ്രെഗ് ടിമ്മർമാൻസ് അഭിനയിച്ച സിനിമകൾ ഏത് വിഭാഗത്തിലാണ് വരുന്നത്
HUM,സിഡ്നി ജെ ഫ്യൂറി സംവിധാനം ചെയ്ത സിനിമകൾ എഴുതിയത് ആരാണ്
NUM,ഡാനിയൽ ഹെൻഡ്‌ലർ അഭിനയിച്ച സിനിമകൾ റിലീസ് ചെയ്ത വർഷങ്ങൾ
HUM,ആദം റെസ്‌നിക്ക് തിരക്കഥയെഴുതിയ സിനിമകൾ ആരാണ് സംവിധാനം ചെയ്തത്
ENTY,റയാൻ റോവ് എഴുതിയ സിനിമകൾ ഏതൊക്കെ തരത്തിലാണ് വരുന്നത്
ENTY,സോംബിലാൻഡിലെ അതേ നടനെ പങ്കിടുന്ന സിനിമകൾ
ENTY,ജീൻ പാർക്കർ അഭിനയിച്ച സിനിമകൾ ഏതൊക്കെ ഭാഷകളിലാണ്
NUM,മൈക്കൽ കർട്ടിസ് സംവിധാനം ചെയ്ത സിനിമകളുടെ റിലീസ് തീയതികൾ എന്തായിരുന്നു
NUM,ക്രിസ് മേക്ക്പീസ് അഭിനയിച്ച സിനിമകൾ പുറത്തിറങ്ങിയത് ഏതൊക്കെ വർഷങ്ങളിലാണ്
HUM,പീറ്റർ മാർക്കിൾ എഴുതിയ ചിത്രങ്ങളിൽ അഭിനയിച്ചു
ENTY,ബ്ലാക്ക് ഡെത്തിൻ്റെ സംവിധായകൻ ഏതൊക്കെ സിനിമകളാണ് സംവിധാനം ചെയ്തത്
NUM,വില്യം റോസ് എഴുതിയ സിനിമകൾ എപ്പോഴാണ് റിലീസ് ചെയ്തത്
HUM,റിച്ചാർഡ് ഫിലിപ്സുമായി സഹ-രചയിതാവ്
NUM,ടോണി റാൻഡൽ അഭിനയിച്ച ചിത്രങ്ങൾ എപ്പോഴാണ് റിലീസ് ചെയ്തത്
HUM,ജെഫ് വിൻ്റർ എഴുതിയ സിനിമകൾ സംവിധാനം ചെയ്ത വ്യക്തി
ENTY,കാമിൽ ക്ലോഡൽ 1915-ൻ്റെ അതേ സംവിധായകനുള്ള സിനിമകൾ
HUM,ജെറാർഡ് ഔറി സംവിധാനം ചെയ്ത സിനിമകളിലെ അഭിനേതാക്കൾ
HUM,ജോസഫ് സ്റ്റെയ്ൻ എഴുതിയ സിനിമകളുടെ സംവിധായകനായി പട്ടികപ്പെടുത്തിയിട്ടുണ്ട്
HUM,എൻസോ ജി. കാസ്റ്റെല്ലരി സംവിധാനം ചെയ്ത സിനിമകൾ എഴുതിയത് ആരാണ്
ENTY,സ്ലൂത്തിൻ്റെ അതേ സംവിധായകൻ ഉള്ള സിനിമകൾ
HUM,പോൾ ലോഗനൊപ്പം അഭിനയിച്ചവർ
NUM,അവ ഡുവെർനെ സംവിധാനം ചെയ്ത സിനിമകൾ ഏതൊക്കെ വർഷങ്ങളിലാണ് പുറത്തിറങ്ങിയത്
HUM,ഇ. ക്വിൻസി സ്ലോൺ എന്ന നടനാണ് സഹനടൻ
NUM,റൂക്കി ഓഫ് ദ ഇയറിലെ നടൻ ഏത് ചിത്രങ്ങളിലാണ് പ്രത്യക്ഷപ്പെടുന്നത്
HUM,ഡെലോറസ് ടെയ്‌ലറിനൊപ്പം ഒരേ സിനിമയിൽ പ്രത്യക്ഷപ്പെട്ടു
NUM,അൽ ഫെൽഡ്‌സ്റ്റൈൻ എഴുതിയ സിനിമകളുടെ റിലീസ് വർഷങ്ങൾ എന്തായിരുന്നു
NUM,ഫ്രാങ്ക് ഓസ് അഭിനയിച്ച സിനിമകളുടെ റിലീസ് തീയതികൾ എന്തായിരുന്നു
NUM,സേത്ത് മൈക്കൽ ഡോൺസ്‌കി രചിച്ച സിനിമകളുടെ റിലീസ് വർഷങ്ങൾ എന്തായിരുന്നു
ENTY,ഗെയിം ചേഞ്ച് എന്ന നടനും ഏത് സിനിമകളിൽ അഭിനയിച്ചു
HUM,പെഡ്രോ അർമെൻഡറിസ് അഭിനയിച്ച സിനിമകളുടെ സംവിധായകനായി പട്ടികപ്പെടുത്തിയിട്ടുണ്ട്
ENTY,ചീച്ച് മരിൻ എഴുതിയ സിനിമകളുടെ വിഭാഗങ്ങൾ എന്തൊക്കെയാണ്
HUM,ഗിൽ ബെല്ലോസ് അഭിനയിച്ച സിനിമകൾ എഴുതിയത് ആരാണ്
ENTY,ബെയർഫൂട്ടിൻ്റെ അതേ സംവിധായകൻ തന്നെ സംവിധാനം ചെയ്ത സിനിമകൾ ഏതൊക്കെയാണ്
HUM,ലിനോ കപ്പോലിച്ചിയോ അഭിനയിച്ച സിനിമകൾ സംവിധാനം ചെയ്ത വ്യക്തി
ENTY,ക്രിസ്റ്റ്യൻ പെറ്റ്സോൾഡ് എഴുതിയ സിനിമകൾ ഏതൊക്കെയാണ്
NUM,ഇർവിൻ അലൻ എഴുതിയ സിനിമകൾ എപ്പോഴാണ് റിലീസ് ചെയ്തത്
ENTY,എമിലിയോ എസ്റ്റീവ്സ് അഭിനയിച്ച സിനിമകൾ ഏതൊക്കെയാണ്
NUM,അലക് മക്കോവൻ അഭിനയിച്ച ചിത്രങ്ങൾ റിലീസ് ചെയ്ത വർഷങ്ങൾ
NUM,ക്രിസ് ടക്കർ അഭിനയിച്ച ചിത്രങ്ങൾ എപ്പോഴാണ് പുറത്തിറങ്ങിയത്
ENTY,ഫിലിപ്പ് ലിയോറെറ്റ് സംവിധാനം ചെയ്ത സിനിമകൾ ഏതൊക്കെ ഭാഷകളിലായിരുന്നു
ENTY,ജെറോം ടോണർ എഴുതിയ സിനിമകൾ ഏതൊക്കെ തരത്തിലാണ്
HUM,ജെഫ് യോർക്കിനൊപ്പം അഭിനയിച്ചവർ
HUM,ജോൺ ഹേർഡ് അഭിനയിച്ച സിനിമകൾ സംവിധാനം ചെയ്ത വ്യക്തി
ENTY,എഡ്വേർഡ് നോർട്ടൺ അഭിനയിച്ച സിനിമകളുടെ തരങ്ങൾ എന്തൊക്കെയാണ്
ENTY,ബിൽ ഇർവിൻ അഭിനയിച്ച സിനിമകൾ ഏത് വിഭാഗത്തിലാണ് വരുന്നത്
HUM,മൈക്കൽ ഹാഫ്‌സ്ട്രോം എഴുതിയ സിനിമകളിൽ അഭിനയിച്ചത് ആരാണ്
NUM,ലിയോ റോസ്റ്റൺ എഴുതിയ സിനിമകൾ റിലീസ് ചെയ്ത വർഷങ്ങൾ എന്തൊക്കെയായിരുന്നു
HUM,റസ്സൽ മീൻസ് അഭിനയിച്ച സിനിമകളുടെ സംവിധായകനായി പട്ടികപ്പെടുത്തിയിട്ടുണ്ട്
HUM,തിരക്കഥാകൃത്ത് ആദം നാഗാറ്റ ആരോടൊപ്പം സിനിമകൾ എഴുതിയിട്ടുണ്ട്
NUM,എപ്പോഴാണ് കാൾ മോഹർ അഭിനയിച്ച സിനിമകൾ റിലീസ് ചെയ്തത്
ENTY,കുനാൽ കോഹ്‌ലി എഴുതിയ സിനിമകൾ ഏതൊക്കെ വിഭാഗങ്ങളിലാണ്
ENTY,വിപുൽ അമൃത്‌ലാൽ ഷാ സംവിധാനം ചെയ്ത ചിത്രങ്ങളിൽ ഏതൊക്കെ അഭിനേതാക്കളാണ് അഭിനയിച്ചത്
NUM,ടോം വാൾഡ്മാൻ എഴുതിയ സിനിമകൾ എപ്പോഴാണ് പുറത്തിറങ്ങിയത്
NUM,സൈമൺ മക്കോർക്കിൻഡേൽ അഭിനയിച്ച സിനിമകൾ എപ്പോഴാണ് റിലീസ് ചെയ്തത്
HUM,ഡ്വെയ്ൻ ജോൺസൺ അഭിനയിച്ച സിനിമകൾ സംവിധാനം ചെയ്തത്
HUM,മാർക്ക് ഇല്ല്സ്ലി എഴുതിയ സിനിമകളിൽ അഭിനയിച്ചു
ENTY,ഓപ്പറേഷൻ ക്രോസ്ബോ ഉപയോഗിച്ച് തിരക്കഥാകൃത്ത് പങ്കിടുന്ന സിനിമകൾ
HUM,ആഞ്ജലിക്ക ഹസ്റ്റൺ അഭിനയിച്ച ചിത്രങ്ങളുടെ രചയിതാക്കൾ
NUM,എറ്റോർ സ്‌കോള സംവിധാനം ചെയ്ത സിനിമകൾ റിലീസ് ചെയ്ത വർഷങ്ങൾ
HUM,തിരക്കഥാകൃത്ത് ക്ലേട്ടൺ ജേക്കബ്സൺ ആർക്കൊപ്പം സിനിമകൾ എഴുതി
ENTY,സെൽമ ലാഗർലോഫ് എഴുതിയ സിനിമകൾ ഏതൊക്കെയാണ്
ENTY,ഈറ്റൻ എലൈവിൻ്റെ അതേ നടൻ ഏതൊക്കെ സിനിമകളിലാണ്!
ENTY,ദ മേജർ ആൻഡ് ദ മൈനറിൻ്റെ അതേ സംവിധായകൻ തന്നെ സംവിധാനം ചെയ്ത സിനിമകൾ ഏതൊക്കെയാണ്
ENTY,ദ ഗേൾ കാൻഡ് ഹെൽപ്പ് ഇറ്റിൻ്റെ തിരക്കഥാകൃത്ത് ഏതൊക്കെ ചിത്രങ്ങളാണ് എഴുതിയത്
ENTY,ഹെൽസ് എയ്ഞ്ചൽസിൻ്റെ അതേ തിരക്കഥാകൃത്ത് ഉള്ള സിനിമകൾ ഏതൊക്കെയാണ്
ENTY,ദ പേപ്പർ വിൽ ബി ബ്ലൂവിൻ്റെ തിരക്കഥാകൃത്ത് ഏതൊക്കെ ചിത്രങ്ങളാണ് എഴുതിയത്
NUM,സ്റ്റാൻലി റാവു എഴുതിയ സിനിമകളുടെ റിലീസ് തീയതികൾ എന്തായിരുന്നു
HUM,ലെസ്ലി സാൻഡ്സ് എഴുതിയ സിനിമകൾ സംവിധാനം ചെയ്തത് ആരാണ്
NUM,ജെഫ്രി ബല്ലാർഡ് അഭിനയിച്ച സിനിമകൾ പുറത്തിറങ്ങിയത് ഏതൊക്കെ വർഷങ്ങളിലാണ്
ENTY,നാദവ് ലാപിഡ് എഴുതിയ സിനിമകൾ ഏത് വിഭാഗത്തിലാണ് വരുന്നത്
HUM,ക്വിൻ കമ്മിംഗ്സിനൊപ്പം ഒരേ സിനിമയിൽ പ്രത്യക്ഷപ്പെട്ടു
ENTY,ഏത് തിരക്കഥാകൃത്തുക്കളാണ് ക്ലെമൻ്റ്സ് റിപ്ലേയ്‌ക്കൊപ്പം സിനിമകൾ എഴുതിയത്
ENTY,ലേക് ഹൗസിലെ നടനും ഏത് ചിത്രങ്ങളിൽ അഭിനയിച്ചു
HUM,ഡെസ്മണ്ട് നകാനോ സംവിധാനം ചെയ്ത ചിത്രങ്ങളിൽ അഭിനയിച്ചു
ENTY,മുതിർന്നവരുമായി തിരക്കഥാകൃത്ത് പങ്കിടുന്ന സിനിമകൾ
HUM,സൂസൻ സരണ്ടൻ അഭിനയിച്ച സിനിമകൾ ആരാണ് സംവിധാനം ചെയ്തത്
HUM,ക്രിസ് ഡി അരിയെൻസോ എന്ന എഴുത്തുകാരനുവേണ്ടി സിനിമകളിൽ അഭിനയിച്ചു
ENTY,മോഹൻ മർനോ അഭിനയിച്ച സിനിമകൾ ഏതൊക്കെയാണ്
ENTY,എറാൻ ക്രീവി എഴുതിയ സിനിമകളുടെ തരങ്ങൾ എന്തൊക്കെയാണ്
HUM,പീറ്റർ നസ് സംവിധാനം ചെയ്ത ചിത്രങ്ങളിൽ അഭിനയിച്ചു
ENTY,ഡ്രൈവ് ആംഗ്രിയുടെ തിരക്കഥാകൃത്ത് ഏതൊക്കെ ചിത്രങ്ങളാണ് എഴുതിയത്
ENTY,നീൽ കസാഡി എഴുതിയ സിനിമകൾ ഏതൊക്കെ വിഭാഗങ്ങളിലായിരുന്നു
ENTY,ജുട്ട ഹോഫ്മാൻ അഭിനയിച്ച സിനിമകൾ ഏതൊക്കെയാണ്?
ENTY,സലാദിൻ കെ പാറ്റേഴ്സൺ എഴുതിയ സിനിമകൾ ഏതൊക്കെയാണ്
HUM,അലക്സാണ്ടർ ക്ലീൻ എഴുതിയ സിനിമകൾ സംവിധാനം ചെയ്ത വ്യക്തി
ENTY,എസ്റ്റെല്ലെ ടെയ്‌ലർ അഭിനയിച്ച സിനിമകൾ ഏതൊക്കെയാണ്
HUM,വാലൻ്റീന കോർട്ടെസ് എന്ന നടൻ ആരോടൊപ്പം ഒരുമിച്ച് അഭിനയിച്ചു
NUM,തിയോഡോർ ഐസക് റൂബിൻ രചിച്ച സിനിമകൾ പുറത്തിറങ്ങിയത് ഏതൊക്കെ വർഷങ്ങളിലാണ്
ENTY,റോസ്മേരി ലെയ്ൻ അഭിനയിച്ച സിനിമകൾ ഏതൊക്കെയാണ്
ENTY,യെകറ്റെറിന റെഡ്നിക്കോവ അഭിനയിച്ച സിനിമകൾ ഏതൊക്കെയാണ്
ENTY,ബോബ്കാറ്റ് ഗോൾഡ് വൈറ്റ് സംവിധാനം ചെയ്ത സിനിമകൾ ഏതൊക്കെയാണ്
ENTY,റോബർട്ട് ഹാർലിംഗ് എഴുതിയ സിനിമകൾ ഏതൊക്കെ വിഭാഗങ്ങളിലായിരുന്നു
NUM,എപ്പോഴാണ് തകേഷി കിറ്റാനോ അഭിനയിച്ച ചിത്രങ്ങൾ റിലീസ് ചെയ്തത്
HUM,മാൽക്കം മാർമോർസ്റ്റീൻ സംവിധാനം ചെയ്ത സിനിമകളിൽ അഭിനയിച്ചിട്ടുണ്ട്
ENTY,ഡോൺ ഡിലില്ലോ എഴുതിയ സിനിമകൾ ഏത് വിഭാഗത്തിലാണ് വരുന്നത്
ENTY,ലാ നോട്ടിൻ്റെ അതേ സംവിധായകൻ ഏതൊക്കെ സിനിമകളാണ്
NUM,ജോൺ ബ്രൂണോ സംവിധാനം ചെയ്ത സിനിമകളുടെ റിലീസ് തീയതികൾ എന്തായിരുന്നു
HUM,കാസ്പർ ക്രിസ്റ്റൻസൻ എഴുതിയ സിനിമകളിൽ അഭിനയിച്ചു
HUM,ജെറി ട്രിംബിൾ അഭിനയിച്ച സിനിമകൾ എഴുതിയത് ആരാണ്
ENTY,എ പ്രയർ ഫോർ ദി ഡൈയിംഗിൻ്റെ തിരക്കഥാകൃത്ത് ഏതൊക്കെ ചിത്രങ്ങളാണ് എഴുതിയത്
HUM,ബിയാട്രിസ് ഡാലെ അഭിനയിച്ച ചിത്രങ്ങൾ സംവിധാനം ചെയ്തത്
ENTY,ഹാരി ബ്രൗൺ എഴുതിയ സിനിമകൾ ഏതൊക്കെ തരത്തിലാണ് വരുന്നത്
HUM,റൂഡി റാമോസ് അഭിനയിച്ച സിനിമകൾ ആരാണ് സംവിധാനം ചെയ്തത്
NUM,ഡേവിഡ് ഗമ്പൽ സംവിധാനം ചെയ്ത സിനിമകളുടെ റിലീസ് തീയതികൾ എന്തായിരുന്നു
ENTY,ദ സ്റ്റോറി ഓഫ് ഡോ. വാസലിൻ്റെ അതേ നടനെ പങ്കിടുന്ന സിനിമകൾ
HUM,അക്കിയുകി നൊസാക്കയ്‌ക്കൊപ്പം സിനിമകൾ എഴുതിയിട്ടുണ്ട്
HUM,റേച്ചൽ ബോസ്റ്റൺ അഭിനയിച്ച സിനിമകളുടെ തിരക്കഥാകൃത്തായി പട്ടികപ്പെടുത്തിയിട്ടുണ്ട്
HUM,ജോൺ കോൾട്ടൺ എന്ന എഴുത്തുകാരനുവേണ്ടി സിനിമകളിൽ അഭിനയിച്ചു
ENTY,ദി സ്‌നേക്ക് പിറ്റിലെ അതേ നടനെ പങ്കിടുന്ന സിനിമകൾ
ENTY,ലുക്കിംഗ് ഫോർ എറിക്കിൻ്റെ സംവിധായകൻ ഏതൊക്കെ സിനിമകളും സംവിധാനം ചെയ്തു
ENTY,റാൻഡോൾഫ് സ്കോട്ട് അഭിനയിച്ച സിനിമകൾ ഏതൊക്കെയാണ്
HUM,ജോ ആൻഡേഴ്സൺ എഴുതിയ സിനിമകളുടെ സംവിധായകനായി പട്ടികപ്പെടുത്തിയിട്ടുണ്ട്
ENTY,ലോസ്റ്റ് ബൗണ്ടറികളിലെ അതേ നടനെ പങ്കിടുന്ന സിനിമകൾ
ENTY,പാഷൻ പ്ലേയുടെ തിരക്കഥാകൃത്ത് ഏതൊക്കെ ചിത്രങ്ങളാണ് എഴുതിയത്
ENTY,ജോൺ എർവിൻ സംവിധാനം ചെയ്ത സിനിമകൾ ഏതൊക്കെ വിഭാഗങ്ങളിലായിരുന്നു
NUM,ബിൽ ഫ്രോഹ്‌ലിച്ച് എഴുതിയ സിനിമകളുടെ റിലീസ് വർഷങ്ങൾ എന്തായിരുന്നു
NUM,റാൻഡി ന്യൂമാൻ എഴുതിയ സിനിമകളുടെ റിലീസ് വർഷങ്ങൾ എന്തായിരുന്നു
ENTY,ദ വാർലോർഡ്‌സിൻ്റെ അതേ സംവിധായകൻ പങ്കിടുന്ന സിനിമകൾ
HUM,അരി ഗ്രെയ്‌നർ അഭിനയിച്ച സിനിമകൾ ആരാണ് സംവിധാനം ചെയ്തത്
HUM,നടൻ ജാക്വലിൻ പിയേഴ്സ് അതേ സിനിമയിൽ ആരോടൊപ്പം പ്രത്യക്ഷപ്പെട്ടു
ENTY,ബെൻ ഗ്ലക്ക് സംവിധാനം ചെയ്ത സിനിമകൾ ഏതൊക്കെ വിഭാഗങ്ങളിലായിരുന്നു
ENTY,പെൻ്റഗൺ പേപ്പേഴ്‌സിൻ്റെ അതേ സംവിധായകൻ ഏതൊക്കെ സിനിമകളാണ്
ENTY,അമ്മ സീരിയലിൻ്റെ സംവിധായകൻ ഏതൊക്കെ ചിത്രങ്ങളാണ് സംവിധാനം ചെയ്തതും
HUM,ലിയോ ബിൽ അഭിനയിച്ച സിനിമകൾ എഴുതിയത്
ENTY,ജെയിംസ് ബക്ക്ലി അഭിനയിച്ച സിനിമകൾ ഏതൊക്കെ വിഭാഗങ്ങളിലായിരുന്നു
HUM,തിരക്കഥാകൃത്ത് സ്റ്റുവർട്ട് ഹേസൽഡിൻ ആരുമായി ചേർന്ന് ചിത്രങ്ങളെഴുതി
ENTY,മാർക്ക് ട്വെയിനിൻ്റെ അതേ നടൻ ഉള്ള സിനിമകൾ
HUM,ക്യാബ് കലോവേ അഭിനയിച്ച സിനിമകളുടെ തിരക്കഥാകൃത്ത് എന്ന നിലയിൽ ലിസ്റ്റിൽ ഉൾപ്പെട്ടിട്ടുണ്ട്
ENTY,ദ അൺഇൻവിറ്റഡിൻ്റെ അതേ സംവിധായകൻ ഉള്ള സിനിമകൾ
ENTY,നാച്ചുറൽ ബോൺ കില്ലേഴ്‌സിൻ്റെ സംവിധായകൻ ഏതൊക്കെ സിനിമകളും സംവിധാനം ചെയ്തു
ENTY,വൈറ്റ് നൈറ്റ്‌സിൻ്റെ സംവിധായകൻ ഏതൊക്കെ സിനിമകളാണ് സംവിധാനം ചെയ്തത്
HUM,ഡെബോറ മൊഗാച്ച് എഴുതിയ സിനിമകളുടെ സംവിധായകർ
HUM,ബോബ് ഫ്രാങ്ക്ലിൻ അഭിനയിച്ച സിനിമകൾ സംവിധാനം ചെയ്ത വ്യക്തി
ENTY,ജാൻ കൂനൻ സംവിധാനം ചെയ്ത സിനിമകൾ ഏതൊക്കെയാണ്
NUM,ബോബ് ബാലബൻ അഭിനയിച്ച സിനിമകളുടെ റിലീസ് തീയതികൾ എന്തായിരുന്നു
HUM,ക്ലിഫ് ഗോർമാൻ അഭിനയിച്ച സിനിമകൾ സംവിധാനം ചെയ്ത വ്യക്തി
NUM,ജോഷ് റാഡ്‌നോർ സംവിധാനം ചെയ്ത ചിത്രങ്ങൾ ഏതൊക്കെ വർഷങ്ങളിലാണ് പുറത്തിറങ്ങിയത്
ENTY,ഡെയ്ൽ റോസൻബ്ലൂം എഴുതിയ സിനിമകൾ ഏത് വിഭാഗത്തിലാണ് വരുന്നത്
HUM,ഡോൺ സീഗൽ സംവിധാനം ചെയ്ത സിനിമകൾ എഴുതിയത്
ENTY,യേശുവിൻ്റെ പുത്രനുമായി തിരക്കഥാകൃത്ത് പങ്കിടുന്ന സിനിമകൾ
HUM,ജൂലി ഡേവിസ് സംവിധാനം ചെയ്ത ചിത്രങ്ങളുടെ തിരക്കഥാകൃത്ത്
ENTY,കുറ്റകൃത്യങ്ങളും തെറ്റിദ്ധാരണകളും ഉപയോഗിച്ച് തിരക്കഥാകൃത്ത് പങ്കിടുന്ന സിനിമകൾ
HUM,ആനി പാരിഷ് എഴുതിയ ചിത്രങ്ങളിൽ അഭിനയിച്ചു
ENTY,ആദം ആൻ്റ് അഭിനയിച്ച സിനിമകൾ ഏതൊക്കെ തരത്തിലാണ് വരുന്നത്
HUM,ചാൾസ് സ്റ്ററിഡ്ജ് സംവിധാനം ചെയ്ത സിനിമകൾ എഴുതിയത്
ENTY,ഓഡ്രി ടൗട്ടൂ അഭിനയിച്ച സിനിമകൾ ഏത് വിഭാഗത്തിലാണ് വരുന്നത്
ENTY,സ്വിച്ചിംഗ് ഗോളുകളുടെ നടനും ഏത് ചിത്രങ്ങളിൽ അഭിനയിച്ചു
HUM,റോബർട്ട് ഇ തോംസൺ എഴുതിയ സിനിമകളിലെ അഭിനേതാക്കൾ
HUM,ഡിലൻ മക്‌ഡെർമോട്ടിനൊപ്പം അഭിനയിച്ചവർ
ENTY,ഇൻ ടു ദി വൈൽഡിലെ അതേ നടനെ പങ്കിടുന്ന സിനിമകൾ
HUM,ക്ലിൻ്റ് ഹോവാർഡ് അഭിനയിച്ച സിനിമകളുടെ തിരക്കഥാകൃത്തായി പട്ടികപ്പെടുത്തിയിട്ടുണ്ട്
HUM,നെവ് കാംബെൽ എഴുതിയ സിനിമകളുടെ സംവിധായകനായി പട്ടികപ്പെടുത്തിയിട്ടുണ്ട്
NUM,ബ്രിട്ട് ആൾക്രോഫ്റ്റ് സംവിധാനം ചെയ്ത സിനിമകൾ എപ്പോഴാണ് പുറത്തിറങ്ങിയത്
HUM,ഫ്രെഡറിക് ഡ്യൂറൻമാറ്റിൻ്റെ സിനിമാ സഹ-എഴുത്തുകാരാണ്
ENTY,Meteor Man എന്ന നടൻ്റെ അതേ നടനുള്ള സിനിമകൾ ഏതൊക്കെയാണ്
ENTY,ഡെക്ക് ദ ഹാൾസിലെ നടനും ഏത് ചിത്രങ്ങളിൽ അഭിനയിച്ചു
HUM,മൈക്കൽ മേയർ സംവിധാനം ചെയ്ത സിനിമകൾ എഴുതിയത് ആരാണ്?
NUM,ഹെക്ടർ ഒലിവേര സംവിധാനം ചെയ്ത ചിത്രങ്ങൾ എപ്പോഴാണ് റിലീസ് ചെയ്തത്
HUM,വെറോണിക്ക ടെയ്‌ലർ അഭിനയിച്ച സിനിമകളുടെ സംവിധായകർ
HUM,ജോർജ്ജ് മേയർ എഴുതിയ ചിത്രങ്ങളിലെ അഭിനേതാക്കൾ
ENTY,ചാൾസ് വെബ് എഴുതിയ സിനിമകൾ ഏതൊക്കെയാണ്
ENTY,ചെറിൽ ലാഡ് അഭിനയിച്ച സിനിമകളുടെ വിഭാഗങ്ങൾ എന്തൊക്കെയാണ്
HUM,ജൂൾസ് സ്റ്റുവർട്ട് സംവിധാനം ചെയ്ത സിനിമകൾ എഴുതിയത് ആരാണ്
ENTY,മെയ് ഫൂൾസിൻ്റെ അതേ തിരക്കഥാകൃത്ത് ഉള്ള സിനിമകൾ ഏതൊക്കെയാണ്
NUM,പിയറി ഗെല്ലർ രചിച്ച സിനിമകളുടെ റിലീസ് വർഷങ്ങൾ എന്തായിരുന്നു
ENTY,റോബർട്ട് എഫ്. ഹില്ലിൻ്റെ സിനിമാ സഹ-എഴുത്തുകാർ
ENTY,ക്യാച്ച് മി ഇഫ് യു കാൻ എന്ന ചിത്രത്തിലൂടെ സംവിധായകരെ പങ്കിടുന്ന സിനിമകൾ ഏതൊക്കെ ഭാഷകളിലായിരുന്നു
HUM,"റൈറ്റൺ ഓൺ ദി വിൻഡ്' എന്ന സിനിമയുടെ സംവിധായകന് വേണ്ടി സിനിമകളിൽ അഭിനയിച്ചത്,"
ENTY,ക്രീപ്‌ഷോ എന്ന സിനിമയ്‌ക്കൊപ്പം അഭിനേതാക്കളെ പങ്കിടുന്ന സിനിമകൾ ഏതൊക്കെ ഭാഷകളിലായിരുന്നു
NUM,ഗ്രോൺ അപ്പ്സ് 2' എന്ന ചിത്രത്തിലൂടെ എഴുത്തുകാരെ പങ്കുവയ്ക്കുന്ന സിനിമകളുടെ റിലീസ് വർഷങ്ങൾ എന്തൊക്കെയായിരുന്നു
HUM,ദി ഇന്നർ സർക്കിൾ അഭിനേതാക്കളുടെ ചിത്രങ്ങളുടെ സംവിധായകനായി പട്ടികപ്പെടുത്തിയത്
ENTY,ഡാൻസ് ഓഫ് റിയാലിറ്റി' എന്ന ചിത്രത്തിലൂടെ സംവിധായകരെ പങ്കിടുന്ന സിനിമകൾ ഏതൊക്കെ വിഭാഗങ്ങളിലായിരുന്നു
ENTY,സ്കാർലറ്റ് സ്ട്രീറ്റുമായി സംവിധായകരെ പങ്കിടുന്ന സിനിമകൾ ഏത് വിഭാഗത്തിലാണ് വരുന്നത്
HUM,ഷീയുടെ എഴുത്തുകാരൻ എഴുതിയ സിനിമകളുടെ സംവിധായകർ ആരാണ്
ENTY,വാക്‌സ് വർക്ക്‌സ് എന്ന സിനിമയ്‌ക്കൊപ്പം അഭിനേതാക്കളെ പങ്കിടുന്ന സിനിമകൾ ഏതൊക്കെ ഭാഷകളിലായിരുന്നു
HUM,ദി ബ്രോക്കൺ സർക്കിൾ ബ്രേക്ക്ഡൗണിൻ്റെ രചയിതാവിന് വേണ്ടി സിനിമകൾ സംവിധാനം ചെയ്തത്
NUM,ജൂപ്പിറ്റർ ആരോഹണ അഭിനേതാക്കൾ അഭിനയിച്ച സിനിമകൾ എപ്പോഴാണ് റിലീസ് ചെയ്തത്
HUM,"ബുക്കാനൻ റൈഡ്സ് എലോൺ എന്ന ചിത്രത്തിലൂടെ അഭിനേതാക്കളെ പങ്കുവയ്ക്കുന്ന സിനിമകൾ സംവിധാനം ചെയ്തത് ആരായിരുന്നു,"
NUM,സെൻഡ് മി നോ ഫ്‌ളവേഴ്‌സ് റൈറ്റേഴ്‌സ് എഴുതിയ സിനിമകൾ എപ്പോഴാണ് റിലീസ് ചെയ്തത്
HUM,അവരുടെ സിനിമകളിലെ അഭിനേതാക്കൾ ദ ക്രിയേച്ചർ വാസ് നോട്ട് നൈസ് എന്ന സിനിമയിലും പ്രത്യക്ഷപ്പെടുന്ന എഴുത്തുകാർ ആരാണ്
NUM,സ്‌പെൻസേഴ്‌സ് മൗണ്ടൻ ആക്ടേഴ്‌സ് അഭിനയിച്ച സിനിമകൾ എപ്പോഴാണ് റിലീസ് ചെയ്തത്
ENTY,ട്രോഗ് അഭിനേതാക്കൾ അഭിനയിച്ച സിനിമകൾ ഏതൊക്കെയാണ്
HUM,അവരുടെ സിനിമകളുടെ സംവിധായകരും ദി എൻഡ് ഓഫ് ദി അഫയർ സംവിധാനം ചെയ്ത തിരക്കഥാകൃത്തുക്കൾ ആരാണ്
ENTY,ഹാർഡ് റെയ്‌നിലെ അഭിനേതാക്കളും അഭിനയിക്കുന്ന സിനിമകളിൽ സംസാരിക്കുന്ന ഭാഷകൾ ഏതൊക്കെയാണ്
ENTY,എക്‌സ്-ലേഡി' എന്ന് രചയിതാക്കളും എഴുതിയ സിനിമകളുടെ തരങ്ങൾ എന്തൊക്കെയാണ്
HUM,ഫ്ലിക്കറിംഗ് ലൈറ്റ്‌സിൻ്റെ സംവിധായകനുവേണ്ടി സിനിമകളിൽ അഭിനയിച്ചത്
ENTY,സ്കാർഫേസിൽ അഭിനേതാക്കളും പ്രത്യക്ഷപ്പെടുന്ന സിനിമകളുടെ തരങ്ങൾ ഏതൊക്കെയാണ്
ENTY,സ്‌ക്വിർമിനൊപ്പം സംവിധായകരെ പങ്കിടുന്ന സിനിമകൾ ഏത് വിഭാഗത്തിലാണ് വരുന്നത്
HUM,ദ സ്ലിംഗ്ഷോട്ടിലെ അഭിനേതാക്കൾ അഭിനയിച്ച സിനിമകൾ എഴുതിയത് ആരാണ്
ENTY,ദ അൺസിങ്കബിൾ മോളി ബ്രൗൺ എന്ന ചിത്രത്തിലൂടെ എഴുത്തുകാരെ പങ്കുവയ്ക്കുന്ന സിനിമകൾ ഏതൊക്കെ വിഭാഗങ്ങളിലായിരുന്നു
HUM,എ വെരി പോട്ടർ മ്യൂസിക്കൽ' രചിച്ച എഴുത്തുകാരുടെ സിനിമകളിൽ അഭിനയിച്ചവർ
NUM,വിൻ്റർ പാസിംഗ് എന്ന സിനിമയിൽ അഭിനേതാക്കളും പ്രത്യക്ഷപ്പെടുന്ന സിനിമകൾ എപ്പോഴാണ് പുറത്തിറങ്ങിയത്
HUM,പീപ്പിൾ ലൈക്ക് അസ്' എന്ന രചയിതാക്കളും എഴുതിയ സിനിമകളുടെ സംവിധായകർ ആരാണ്
HUM,Deathstalker II-ൻ്റെ എഴുത്തുകാരന് വേണ്ടി സിനിമകൾ സംവിധാനം ചെയ്തത്
HUM,ലയൺസ് ഫോർ ലാംബ്‌സ് എന്ന എഴുത്തുകാരൻ എഴുതിയ സിനിമകളിൽ അഭിനയിച്ചത് ആരായിരുന്നു
ENTY,സമ്മർ അവേഴ്‌സ് തിരക്കഥാകൃത്തുക്കളും എഴുതിയ സിനിമകളുടെ വിഭാഗങ്ങൾ എന്തൊക്കെയാണ്
NUM,ദ ടീഹൗസ് ഓഫ് ദി ആഗസ്റ്റ് മൂണിലെ അഭിനേതാക്കൾ അഭിനയിച്ച സിനിമകളുടെ റിലീസ് തീയതികൾ എന്തായിരുന്നു
HUM,"ദ മിറർ ഹാസ് ടു ഫെയ്‌സ്' എന്ന ചിത്രത്തിൻ്റെ സംവിധായകൻ സംവിധാനം ചെയ്ത ചിത്രങ്ങളിലെ അഭിനേതാക്കൾ ആരൊക്കെയാണ്,"
ENTY,ദി വാനിഷിംഗ് അമേരിക്കൻ എന്ന ചിത്രത്തിലൂടെ സംവിധായകരെ പങ്കുവയ്ക്കുന്ന സിനിമകൾ ഏതൊക്കെ ഭാഷകളിലായിരുന്നു
HUM,"ദി കോംബാക്ക്സ്' എന്ന സിനിമയ്‌ക്കൊപ്പം സംവിധായകരെ പങ്കിടുന്ന സിനിമകൾ എഴുതിയത്,"
NUM,ബേർഡി എഴുതിയ സിനിമകൾ എപ്പോഴാണ് പുറത്തിറങ്ങിയത്
HUM,കിഡ് മില്യൺസിലെ അഭിനേതാക്കൾ അഭിനയിച്ച സിനിമകൾ സംവിധാനം ചെയ്തത് ആരാണ്
ENTY,"ദി 40-ഇയർ-ഓൾഡ് വിർജിൻ' എന്ന സിനിമയിൽ അഭിനേതാക്കളും പ്രത്യക്ഷപ്പെടുന്ന സിനിമകളുടെ തരങ്ങൾ ഏതൊക്കെയാണ്,"
NUM,ദ റെഡ് വയലിൻ സംവിധാനം ചെയ്ത സംവിധായകർ എപ്പോഴാണ് സിനിമകൾ പുറത്തിറങ്ങിയത്'
HUM,ട്രസ്റ്റ് എഴുതിയ എഴുത്തുകാരും സിനിമകളുടെ സംവിധായകർ
ENTY,മിൻ ആൻഡ് ബില്ലിൻ്റെ സംവിധായകൻ സംവിധാനം ചെയ്ത സിനിമകൾ ഏതൊക്കെയാണ്
NUM,റോസ്‌വുഡ് സിനിമയ്‌ക്കൊപ്പം സംവിധായകരെ പങ്കിടുന്ന സിനിമകൾ ഏത് വർഷത്തിലാണ് പുറത്തിറങ്ങിയത്
HUM,ദ സ്റ്റുപ്പിഡ്‌സിൻ്റെ സംവിധായകൻ സംവിധാനം ചെയ്ത ചിത്രങ്ങളിൽ അഭിനയിച്ചത്
HUM,സലോമിയുടെ അവസാന നൃത്തം എഴുതിയ സിനിമകളുടെ സംവിധായകർ ആരാണ്
NUM,മേരിയുടെയും മാർത്തയുടെയും എഴുത്തുകാരി എഴുതിയ സിനിമകളുടെ റിലീസ് തീയതികൾ എന്തായിരുന്നു
ENTY,ജൂലി അഭിനേതാക്കൾ അഭിനയിച്ച സിനിമകൾ ഏതൊക്കെയാണ്
ENTY,22 ജമ്പ് സ്ട്രീറ്റ് ഉള്ള അഭിനേതാക്കളെ പങ്കിടുന്ന സിനിമകൾ ഏതൊക്കെ വിഭാഗങ്ങളിൽ പെടുന്നു
ENTY,ബില്ലി എലിയറ്റ് എന്ന ചിത്രത്തിലൂടെ സംവിധായകരെ പങ്കിടുന്ന സിനിമകൾ ഏതൊക്കെ ഭാഷകളിലായിരുന്നു
HUM,ജാർഹെഡ് എന്ന സിനിമയ്‌ക്കൊപ്പം അഭിനേതാക്കളെ പങ്കിടുന്ന സിനിമകൾ എഴുതിയത്
HUM,അവരുടെ സിനിമകളിലെ അഭിനേതാക്കൾ മെഴുകുതിരി എന്ന സിനിമയിലും പ്രത്യക്ഷപ്പെടുന്ന സംവിധായകർ ആരാണ്
ENTY,മാക് ആൻഡ് മി തിരക്കഥാകൃത്തുക്കൾ എഴുതിയ സിനിമകൾ ഏതൊക്കെയാണ്
ENTY,പൾപ്പ് ഫിക്ഷൻ സംവിധായകർ സംവിധാനം ചെയ്ത സിനിമകളിൽ സംസാരിക്കുന്ന ഭാഷകൾ ഏതൊക്കെയാണ്
HUM,കോമണിലെ അഭിനേതാക്കൾ അഭിനയിച്ച സിനിമകൾ സംവിധാനം ചെയ്ത വ്യക്തി
NUM,ദി പാക്കേജ് എന്ന സിനിമയ്‌ക്കൊപ്പം സംവിധായകരെ പങ്കിടുന്ന സിനിമകളുടെ റിലീസ് വർഷങ്ങൾ എന്തൊക്കെയായിരുന്നു
HUM,വാട്ട് എവർ ഹാപ്പൻഡ് ടു ബേബി ജെയ്ൻ സംവിധാനം ചെയ്ത സിനിമകളിൽ ആരാണ് അഭിനയിച്ചത്?
ENTY,സിറ്റി ഓഫ് ഹോപ്പ് എന്ന സിനിമയുമായി അഭിനേതാക്കളെ പങ്കിടുന്ന സിനിമകൾ ഏതൊക്കെ വിഭാഗങ്ങളിലായിരുന്നു
HUM,അവരുടെ സിനിമകളുടെ സംവിധായകർ ലിലി മർലീനും സംവിധാനം ചെയ്ത എഴുത്തുകാർ ആരാണ്
HUM,അവരുടെ സിനിമകളുടെ സംവിധായകർ 100 പെൺകുട്ടികൾ സംവിധാനം ചെയ്ത തിരക്കഥാകൃത്തുക്കളാണ്
HUM,ബെല്ലെ സ്റ്റാർ എന്ന സിനിമയിലും അവരുടെ സിനിമകളിലെ അഭിനേതാക്കൾ പ്രത്യക്ഷപ്പെടുന്ന സംവിധായകർ ആരാണ്
NUM,റിട്ടേൺ ഓഫ് ദി ഫ്ലൈ സംവിധായകൻ സംവിധാനം ചെയ്ത ചിത്രങ്ങൾ എപ്പോഴാണ് റിലീസ് ചെയ്തത്
NUM,ഫാളിംഗ് ഡൗൺ അഭിനേതാക്കൾ അഭിനയിച്ച സിനിമകൾ എപ്പോഴാണ് റിലീസ് ചെയ്തത്
HUM,സിറ്റാഡലിലെ അഭിനേതാക്കൾ അഭിനയിച്ച സിനിമകൾ എഴുതിയത് ആരാണ്
ENTY,ബിയോണ്ട് ഔട്രേജുമായി സംവിധായകരെ പങ്കിടുന്ന സിനിമകൾ ഏത് വിഭാഗത്തിൽ പെടുന്നു
ENTY,സ്ലംഡോഗ് മില്യണയർ സംവിധായകൻ സംവിധാനം ചെയ്ത സിനിമകൾ ഏതൊക്കെയാണ്
HUM,ഫ്രഞ്ച്മാൻസ് ക്രീക്കിൻ്റെ തിരക്കഥാകൃത്ത് എഴുതിയ സിനിമകൾ ആരാണ് സംവിധാനം ചെയ്തത്
HUM,പേഴ്സണയുടെ സംവിധായകൻ സംവിധാനം ചെയ്ത സിനിമകൾ ആരാണ് അഭിനയിച്ചത്
NUM,ഡ്രീം ഹൗസ് എന്ന ചിത്രവുമായി എഴുത്തുകാരെ പങ്കുവയ്ക്കുന്ന സിനിമകളുടെ റിലീസ് വർഷങ്ങൾ എന്തൊക്കെയായിരുന്നു
NUM,ഹാർട്ട് ബ്രേക്കേഴ്‌സ്' എന്ന രചയിതാക്കളും എഴുതിയ സിനിമകൾ എപ്പോഴാണ് പുറത്തിറങ്ങിയത്
HUM,അവരുടെ സിനിമകളിലെ അഭിനേതാക്കൾ ഡൗൺ ടു ദ ബോൺ എന്ന സിനിമയിലും പ്രത്യക്ഷപ്പെടുന്ന എഴുത്തുകാർ ആരാണ്
HUM,ലോല മോണ്ടെസ് എന്ന ചിത്രത്തിലൂടെ സംവിധായകരെ പങ്കിടുന്ന സിനിമകൾ എഴുതിയത്
HUM,കഷ്ടം എന്ന് എഴുതിയ സിനിമകളുടെ സംവിധായകർ ആരൊക്കെയാണ്
ENTY,ദിഹ്യൂമൻ' ഫാക്ടറിൽ അഭിനേതാക്കളും പ്രത്യക്ഷപ്പെടുന്ന സിനിമകളുടെ വിഭാഗങ്ങൾ എന്തൊക്കെയാണ്
HUM,സിങ്കത്തിൻ്റെ സംവിധായകന് വേണ്ടി സിനിമകളിൽ അഭിനയിച്ചത്
NUM,കോറലൈൻ എഴുതിയ സിനിമകൾ എപ്പോഴാണ് പുറത്തിറങ്ങിയത്
ENTY,ട്രാൻസ്പോർട്ടർ 3യിലെ അഭിനേതാക്കൾ അഭിനയിച്ച സിനിമകളിലെ പ്രാഥമിക ഭാഷകൾ ഏതൊക്കെയാണ്
ENTY,ഹാപ്പി ക്രിസ്മസ് എന്ന ചിത്രത്തിലൂടെ സംവിധായകരെ പങ്കിടുന്ന സിനിമകൾ ഏതൊക്കെ ഭാഷകളിലായിരുന്നു
ENTY,എ വാക്ക് ഇൻ ദ ക്ലൗഡ്സ്' എന്ന തിരക്കഥാകൃത്തുക്കളും എഴുതിയ സിനിമകളുടെ വിഭാഗങ്ങൾ ഏതൊക്കെയാണ്
NUM,ഡോണി ബ്രാസ്‌കോ എന്ന സിനിമയ്‌ക്കൊപ്പം എഴുത്തുകാരെ പങ്കിടുന്ന സിനിമകൾ ഏത് വർഷത്തിലാണ് പുറത്തിറങ്ങിയത്
HUM,ഗ്രീൻ ഡ്രാഗണിൻ്റെ രചയിതാവ് എഴുതിയ സിനിമകൾ സംവിധാനം ചെയ്തത്
HUM,ലാസ്റ്റ് നൈറ്റ്' എന്ന തിരക്കഥാകൃത്ത് എഴുതിയ സിനിമകൾ സംവിധാനം ചെയ്തത് ആരാണ്
NUM,സേഫ് എന്ന ചിത്രവുമായി സംവിധായകരെ പങ്കിടുന്ന സിനിമകളുടെ റിലീസ് വർഷങ്ങൾ എന്തൊക്കെയായിരുന്നു
HUM,ദി സ്റ്റീൽ ഹെൽമെറ്റിൻ്റെ തിരക്കഥാകൃത്ത് എഴുതിയ സിനിമകളിലെ അഭിനേതാക്കൾ ആരൊക്കെയാണ്
ENTY,നിയമത്തിൻ്റെ പേരിൽ സംവിധായകർ സംവിധാനം ചെയ്ത സിനിമകളുടെ തരങ്ങൾ ഏതൊക്കെയാണ്
HUM,ബ്ലാക്ക് ഫ്രൈഡേയുടെ എഴുത്തുകാരൻ എഴുതിയ സിനിമകൾ സംവിധാനം ചെയ്തത്
HUM,ലിറ്റിൽ നിക്കിയുടെ രചയിതാവ് എഴുതിയ സിനിമകൾ സംവിധാനം ചെയ്തത് ആരാണ്
HUM,സോളോ അഭിനേതാക്കൾ അഭിനയിച്ച സിനിമകളുടെ സംവിധായകനായി പട്ടികപ്പെടുത്തിയത്
HUM,സിൻബാദിൻ്റെയും ഐ ഓഫ് ദ ടൈഗറിൻ്റെയും തിരക്കഥാകൃത്ത് എഴുതിയ സിനിമകൾ ആരാണ് അഭിനയിച്ചത്
HUM,അവരുടെ സിനിമകളിലെ അഭിനേതാക്കൾ ബേബീസ് കിഡ്‌സ് എന്ന സിനിമയിലും പ്രത്യക്ഷപ്പെടുന്ന സംവിധായകർ ആരാണ്
HUM,എ സീക്രട്ട് രചിച്ച എഴുത്തുകാരും സിനിമകളിൽ അഭിനയിച്ചവർ
ENTY,എനിക്ക് സ്വയം മോശമായതെല്ലാം ചെയ്യാൻ കഴിയും' എന്ന് രചയിതാക്കളും എഴുതിയ സിനിമകളുടെ വിഭാഗങ്ങൾ ഏതൊക്കെയാണ്
HUM,ടൂ ഫോർ ദ റോഡിൻ്റെ എഴുത്തുകാരൻ എഴുതിയ സിനിമകളുടെ സംവിധായകർ ആരൊക്കെയാണ്
ENTY,ടെർമിനേറ്റർ സാൽവേഷൻ എന്ന ചിത്രത്തിലൂടെ സംവിധായകരെ പങ്കിടുന്ന സിനിമകൾ ഏതൊക്കെ ഭാഷകളിലായിരുന്നു
ENTY,അൻ്റോണിയോ ദാസ് മോർട്ടെസ് എഴുത്തുകാർ എഴുതിയ സിനിമകൾ ഏതൊക്കെയാണ്
HUM,എ ഹോം അറ്റ് ദ എൻഡ് ഓഫ് ദ വേൾഡ്' എന്ന ചിത്രത്തിലൂടെ സംവിധായകരെ പങ്കിടുന്ന സിനിമകൾ എഴുതിയത്
NUM,മറ്റൊരു ഹാപ്പി ഡേയിൽ അഭിനേതാക്കൾ അഭിനയിച്ച സിനിമകളുടെ റിലീസ് തീയതികൾ എന്തായിരുന്നു
HUM,സ്റ്റോമി വാട്ടേഴ്‌സ് അഭിനേതാക്കൾ അഭിനയിച്ച സിനിമകളുടെ തിരക്കഥാകൃത്തായി പട്ടികപ്പെടുത്തിയത്
HUM,ദി ജഡ്ജ് എഴുതിയ തിരക്കഥാകൃത്തുക്കളും സിനിമകളിൽ അഭിനയിച്ചവർ
ENTY,വാക്ക് ദ ലൈനിൽ അഭിനേതാക്കളും പ്രത്യക്ഷപ്പെടുന്ന സിനിമകളുടെ തരങ്ങൾ ഏതൊക്കെയാണ്
NUM,"കൗണ്ട് ത്രീ, പ്രേ എന്നിവയിലെ അഭിനേതാക്കൾ അഭിനയിച്ച സിനിമകളുടെ റിലീസ് തീയതികൾ എന്തായിരുന്നു"
NUM,ഡ്രഗ് വാർ എന്ന സിനിമയ്‌ക്കൊപ്പം സംവിധായകരെ പങ്കിടുന്ന സിനിമകൾ ഏത് വർഷത്തിലാണ് പുറത്തിറങ്ങിയത്
ENTY,ക്യാച്ച് മി ഇഫ് യു കാൻ എന്ന ചിത്രത്തിലൂടെ സംവിധായകരെ പങ്കിടുന്ന സിനിമകൾ ഏതൊക്കെ ഭാഷകളിലായിരുന്നു
HUM ,"റൈറ്റൺ ഓൺ ദി വിൻഡ്' എന്ന സിനിമയുടെ സംവിധായകന് വേണ്ടി സിനിമകളിൽ അഭിനയിച്ചത്,"
ENTY,ക്രീപ്‌ഷോ എന്ന സിനിമയ്‌ക്കൊപ്പം അഭിനേതാക്കളെ പങ്കിടുന്ന സിനിമകൾ ഏതൊക്കെ ഭാഷകളിലായിരുന്നു
NUM,ഗ്രോൺ അപ്പ്സ് 2' എന്ന ചിത്രത്തിലൂടെ എഴുത്തുകാരെ പങ്കുവയ്ക്കുന്ന സിനിമകളുടെ റിലീസ് വർഷങ്ങൾ എന്തൊക്കെയായിരുന്നു
HUM,ദി ഇന്നർ സർക്കിൾ അഭിനേതാക്കളുടെ ചിത്രങ്ങളുടെ സംവിധായകനായി പട്ടികപ്പെടുത്തിയത്
ENTY,ഡാൻസ് ഓഫ് റിയാലിറ്റി' എന്ന ചിത്രത്തിലൂടെ സംവിധായകരെ പങ്കിടുന്ന സിനിമകൾ ഏതൊക്കെ വിഭാഗങ്ങളിലായിരുന്നു
ENTY,സ്കാർലറ്റ് സ്ട്രീറ്റുമായി സംവിധായകരെ പങ്കിടുന്ന സിനിമകൾ ഏത് വിഭാഗത്തിലാണ് വരുന്നത്
HUM,ഷീയുടെ എഴുത്തുകാരൻ എഴുതിയ സിനിമകളുടെ സംവിധായകർ ആരാണ്
ENTY,വാക്‌സ് വർക്ക്‌സ് എന്ന സിനിമയ്‌ക്കൊപ്പം അഭിനേതാക്കളെ പങ്കിടുന്ന സിനിമകൾ ഏതൊക്കെ ഭാഷകളിലായിരുന്നു
HUM,ദി ബ്രോക്കൺ സർക്കിൾ ബ്രേക്ക്ഡൗണിൻ്റെ രചയിതാവിന് വേണ്ടി സിനിമകൾ സംവിധാനം ചെയ്തത്
NUM,ജൂപ്പിറ്റർ ആരോഹണ അഭിനേതാക്കൾ അഭിനയിച്ച സിനിമകൾ എപ്പോഴാണ് റിലീസ് ചെയ്തത്
HUM ,"ബുക്കാനൻ റൈഡ്സ് എലോൺ എന്ന ചിത്രത്തിലൂടെ അഭിനേതാക്കളെ പങ്കുവയ്ക്കുന്ന സിനിമകൾ സംവിധാനം ചെയ്തത് ആരായിരുന്നു,"
NUM,സെൻഡ് മി നോ ഫ്‌ളവേഴ്‌സ് റൈറ്റേഴ്‌സ് എഴുതിയ സിനിമകൾ എപ്പോഴാണ് റിലീസ് ചെയ്തത്
HUM,അവരുടെ സിനിമകളിലെ അഭിനേതാക്കൾ ദ ക്രിയേച്ചർ വാസ് നോട്ട് നൈസ് എന്ന സിനിമയിലും പ്രത്യക്ഷപ്പെടുന്ന എഴുത്തുകാർ ആരാണ്
NUM,സ്‌പെൻസേഴ്‌സ് മൗണ്ടൻ ആക്ടേഴ്‌സ് അഭിനയിച്ച സിനിമകൾ എപ്പോഴാണ് റിലീസ് ചെയ്തത്
ENTY,ട്രോഗ് അഭിനേതാക്കൾ അഭിനയിച്ച സിനിമകൾ ഏതൊക്കെയാണ്
HUM,അവരുടെ സിനിമകളുടെ സംവിധായകരും ദി എൻഡ് ഓഫ് ദി അഫയർ സംവിധാനം ചെയ്ത തിരക്കഥാകൃത്തുക്കൾ ആരാണ്
ENTY,ഹാർഡ് റെയ്‌നിലെ അഭിനേതാക്കളും അഭിനയിക്കുന്ന സിനിമകളിൽ സംസാരിക്കുന്ന ഭാഷകൾ ഏതൊക്കെയാണ്
ENTY,എക്‌സ്-ലേഡി' എന്ന് രചയിതാക്കളും എഴുതിയ സിനിമകളുടെ തരങ്ങൾ എന്തൊക്കെയാണ്
HUM,ഫ്ലിക്കറിംഗ് ലൈറ്റ്‌സിൻ്റെ സംവിധായകനുവേണ്ടി സിനിമകളിൽ അഭിനയിച്ചത്
ENTY,സ്കാർഫേസിൽ അഭിനേതാക്കളും പ്രത്യക്ഷപ്പെടുന്ന സിനിമകളുടെ തരങ്ങൾ ഏതൊക്കെയാണ്
ENTY,സ്‌ക്വിർമിനൊപ്പം സംവിധായകരെ പങ്കിടുന്ന സിനിമകൾ ഏത് വിഭാഗത്തിലാണ് വരുന്നത്
HUM,ദ സ്ലിംഗ്ഷോട്ടിലെ അഭിനേതാക്കൾ അഭിനയിച്ച സിനിമകൾ എഴുതിയത് ആരാണ്
ENTY,ദ അൺസിങ്കബിൾ മോളി ബ്രൗൺ എന്ന ചിത്രത്തിലൂടെ എഴുത്തുകാരെ പങ്കുവയ്ക്കുന്ന സിനിമകൾ ഏതൊക്കെ വിഭാഗങ്ങളിലായിരുന്നു
HUM,എ വെരി പോട്ടർ മ്യൂസിക്കൽ' രചിച്ച എഴുത്തുകാരുടെ സിനിമകളിൽ അഭിനയിച്ചവർ
NUM,വിൻ്റർ പാസിംഗ് എന്ന സിനിമയിൽ അഭിനേതാക്കളും പ്രത്യക്ഷപ്പെടുന്ന സിനിമകൾ എപ്പോഴാണ് പുറത്തിറങ്ങിയത്
HUM,പീപ്പിൾ ലൈക്ക് അസ്' എന്ന രചയിതാക്കളും എഴുതിയ സിനിമകളുടെ സംവിധായകർ ആരാണ്
HUM,Deathstalker II-ൻ്റെ എഴുത്തുകാരന് വേണ്ടി സിനിമകൾ സംവിധാനം ചെയ്തത്
HUM,ലയൺസ് ഫോർ ലാംബ്‌സ് എന്ന എഴുത്തുകാരൻ എഴുതിയ സിനിമകളിൽ അഭിനയിച്ചത് ആരായിരുന്നു
ENTY,സമ്മർ അവേഴ്‌സ് തിരക്കഥാകൃത്തുക്കളും എഴുതിയ സിനിമകളുടെ വിഭാഗങ്ങൾ എന്തൊക്കെയാണ്
